"Order","data date","Time","ID","Group","Clade","Pop","Treatment","treat","Test_temp","track_temp","Body_temp","Body mass","SVL","Good/Bad","run #","Fastest","T1","T2","T3","T4","T1 - T0","T2 - T1","T3 - T2","T4 - T3","Av Fastest 25cm","Fastest 25cm","onem_speed","Av_25cm","fastest_25cm"
474,"8/4/2024",NA,290,1,"North","STURT","Cool",2,20,25.4,21.1,NA,74,NA,2,1,421,748,1746,1995,421,327,998,249,498.75,249,0.513784461,0.513784461,1.029116466
320,"3/4/2024",NA,290,1,"North","STURT","Cool",2,25,26.2,25.5,NA,74,NA,2,1,168,427,572,809,168,259,145,237,202.25,145,1.266996292,1.266996292,1.767241379
165,"28/3/2024",NA,290,1,"North","STURT","Cool",2,35,25.1,34.8,NA,74,NA,1,1,179,681,778,1076,179,502,97,298,269,97,0.95260223,0.95260223,2.641752577
13,"22/3/2024",NA,290,1,"North","STURT","Cool",2,40,25.3,39.1,NA,74,NA,1,1,160,393,460,628,160,233,67,168,157,67,1.632165605,1.632165605,3.824626866
508,NA,NA,290,1,"North","STURT","Cool",2,NA,NA,8.847,NA,74,NA,NA,1,NA,NA,NA,NA,NA,NA,NA,NA,NA,NA,0,0,0
431,NA,NA,290,1,"North","STURT","Cool",2,NA,NA,42.2264,NA,74,NA,NA,1,NA,NA,NA,NA,NA,NA,NA,NA,NA,NA,0,0,0
502,NA,NA,291,1,"North","STURT","Warm",1,NA,NA,6.8876,NA,69,NA,NA,1,NA,NA,NA,NA,NA,NA,NA,NA,NA,NA,0,0,0
425,NA,NA,291,1,"North","STURT","Warm",1,NA,NA,43.604,NA,69,NA,NA,1,NA,NA,NA,NA,NA,NA,NA,NA,NA,NA,0,0,0
462,"8/4/2024",NA,291,1,"North","STURT","Warm",1,20,25.6,21.56,NA,69,NA,2,1,282,466,643,920,282,184,177,277,230,177,1.114130435,1.114130435,1.447740113
307,"3/4/2024",NA,291,1,"North","STURT","Warm",1,25,26,25.7,NA,69,NA,1,1,176,327,547,732,176,151,220,185,183,151,1.400273224,1.400273224,1.697019868
700,"12/4/2024",NA,291,1,"North","STURT","Warm",1,30,24.4,34.8,NA,69,NA,2,1,239,356,515,687,239,117,159,172,171.75,117,1.491994178,1.491994178,2.19017094
154,"28/3/2024",NA,291,1,"North","STURT","Warm",1,35,24.2,29.4,NA,69,"G",2,1,137,272,415,553,137,135,143,138,138.25,135,1.853526221,1.853526221,1.898148148
1,"22/3/2024",NA,291,1,"North","STURT","Warm",1,40,25.1,38.6,NA,69,"G",1,1,NA,392,739,833,NA,392,347,94,277.6666667,94,1.230492197,0.922869148,2.72606383
503,NA,NA,293,1,"North","STURT","Warm",1,NA,NA,7.3376,NA,70,NA,NA,1,NA,NA,NA,NA,NA,NA,NA,NA,NA,NA,0,0,0
426,NA,NA,293,1,"North","STURT","Warm",1,NA,NA,42.085,NA,70,NA,NA,1,NA,NA,NA,NA,NA,NA,NA,NA,NA,NA,0,0,0
701,"12/4/2024",NA,293,1,"North","STURT","Warm",1,20,24.6,21.4,NA,70,NA,1,1,324,610,905,1096,324,286,295,191,274,191,0.935218978,0.935218978,1.341623037
155,"28/3/2024",NA,293,1,"North","STURT","Warm",1,25,24.2,25.2,NA,70,NA,1,1,194,378,543,727,194,184,165,184,181.75,165,1.409903714,1.409903714,1.553030303
3,"22/3/2024",NA,293,1,"North","STURT","Warm",1,30,25.5,29.3,NA,70,NA,1,1,240,390,739,908,240,150,349,169,227,150,1.128854626,1.128854626,1.708333333
464,"8/4/2024",NA,293,1,"North","STURT","Warm",1,35,25.6,33.5,NA,70,NA,2,1,209,421,545,854,209,212,124,309,213.5,124,1.200234192,1.200234192,2.066532258
482,"8/4/2024",NA,294,1,"North","STURT","Cool",2,20,25.3,20.4,NA,70,NA,2,1,236,473,678,896,236,237,205,218,224,205,1.143973214,1.143973214,1.25
327,"3/4/2024",NA,294,1,"North","STURT","Cool",2,25,26.1,26.5,NA,70,NA,1,1,173,296,441,644,173,123,145,203,161,123,1.591614907,1.591614907,2.083333333
719,"12/4/2024",NA,294,1,"North","STURT","Cool",2,30,25,30.6,NA,70,NA,1,1,166,307,421,651,166,141,114,230,162.75,114,1.574500768,1.574500768,2.247807018
174,"28/3/2024",NA,294,1,"North","STURT","Cool",2,35,25.2,35.1,NA,70,NA,2,1,219,489,593,683,NA,270,104,90,154.6666667,90,1.500732064,1.656788793,2.847222222
19,"22/3/2024",NA,294,1,"North","STURT","Cool",2,40,24.8,39.1,NA,70,NA,1,1,NA,282,514,579,NA,282,232,65,193,65,1.77029361,1.327720207,3.942307692
509,NA,NA,294,1,"North","STURT","Cool",2,NA,NA,9.0658,NA,70,NA,NA,1,NA,NA,NA,NA,NA,NA,NA,NA,NA,NA,0,0,0
432,NA,NA,294,1,"North","STURT","Cool",2,NA,NA,43.7,NA,70,NA,NA,1,NA,NA,NA,NA,NA,NA,NA,NA,NA,NA,0,0,0
624,"11/4/2024",NA,297,2,"North","STURT","Warm",1,20,25,19.7,NA,73,NA,2,1,352,540,815,1032,352,188,275,217,258,188,0.993217054,0.993217054,1.363031915
186,"28/3/2024",NA,297,2,"North","STURT","Warm",1,25,26.3,25.6,NA,73,NA,2,1,311,404,589,752,311,93,185,163,188,93,1.363031915,1.363031915,2.755376344
32,"26/3/2024",NA,297,2,"North","STURT","Warm",1,30,25.3,29.9,NA,73,"G",2,1,667,868,977,1070,667,201,109,93,267.5,93,0.957943925,0.957943925,2.755376344
494,"9/4/2024",NA,297,2,"North","STURT","Warm",1,35,24.5,35.1,NA,73,NA,2,1,148,275,355,463,148,127,80,108,115.75,80,2.213822894,2.213822894,3.203125
340,"3/4/2024",NA,297,2,"North","STURT","Warm",1,40,25.8,38.8,NA,73,NA,2,1,145,NA,379,494,145,NA,379,115,213,115,2.074898785,1.203051643,2.22826087
518,NA,NA,297,2,"North","STURT","Warm",1,NA,NA,8.0892,NA,73,NA,NA,1,NA,NA,NA,NA,NA,NA,NA,NA,NA,NA,0,0,0
441,NA,NA,297,2,"North","STURT","Warm",1,NA,NA,43.6683,NA,73,NA,NA,1,NA,NA,NA,NA,NA,NA,NA,NA,NA,NA,0,0,0
28,"26/3/2024",NA,298,2,"North","STURT","Cool",2,20,25.5,21.5,NA,76,"G",2,1,216,973,1160,1326,216,757,187,166,331.5,166,0.773001508,0.773001508,1.543674699
490,"9/4/2024",NA,298,2,"North","STURT","Cool",2,25,24.3,25.3,NA,76,NA,2,1,253,385,537,726,253,132,152,189,181.5,132,1.41184573,1.41184573,1.941287879
335,"3/4/2024",NA,298,2,"North","STURT","Cool",2,30,26.3,29.3,NA,76,NA,1,1,153,NA,974,1092,153,NA,974,118,415,118,0.938644689,0.61746988,2.171610169
619,"11/4/2024",NA,298,2,"North","STURT","Cool",2,35,24.8,34.5,NA,76,NA,1,1,100,405,541,743,100,305,136,202,185.75,100,1.379542396,1.379542396,2.5625
182,"28/3/2024",NA,298,2,"North","STURT","Cool",2,40,26.2,39.3,NA,76,NA,2,1,247,364,446,572,247,117,82,126,143,82,1.791958042,1.791958042,3.125
514,NA,NA,298,2,"North","STURT","Cool",2,NA,NA,10.233,NA,76,NA,NA,1,NA,NA,NA,NA,NA,NA,NA,NA,NA,NA,0,0,0
437,NA,NA,298,2,"North","STURT","Cool",2,NA,NA,42.2375,NA,76,NA,NA,1,NA,NA,NA,NA,NA,NA,NA,NA,NA,NA,0,0,0
510,"9/4/2024",NA,299,3,"North","STURT","Warm",1,20,26.2,20.9,NA,76,NA,2,1,226,484,735,979,226,258,251,244,244.75,226,1.046986721,1.046986721,1.133849558
355,"4/4/2024",NA,299,3,"North","STURT","Warm",1,25,24.4,25,NA,76,NA,1,1,237,826,1328,1466,237,589,502,138,366.5,138,0.699181446,0.699181446,1.856884058
723,"12/4/2024",NA,299,3,"North","STURT","Warm",1,30,25.6,29.6,NA,76,NA,1,1,522,736,1521,2012,522,214,785,491,503,214,0.50944334,0.50944334,1.197429907
201,"28/3/2024",NA,299,3,"North","STURT","Warm",1,35,25.5,35.5,NA,76,NA,1,1,NA,340,405,507,NA,340,65,102,169,65,2.021696252,1.516272189,3.942307692
47,"26/3/2024",NA,299,3,"North","STURT","Warm",1,40,25.1,38.7,NA,76,"G",1,1,201,NA,435,646,201,NA,435,211,282.3333333,201,1.586687307,0.907615112,1.274875622
526,NA,NA,299,3,"North","STURT","Warm",1,NA,NA,5.7345,NA,76,NA,NA,1,NA,NA,NA,NA,NA,NA,NA,NA,NA,NA,0,0,0
449,NA,NA,299,3,"North","STURT","Warm",1,NA,NA,41.883,NA,76,NA,NA,1,NA,NA,NA,NA,NA,NA,NA,NA,NA,NA,0,0,0
516,"9/4/2024",NA,302,3,"North","STURT","Cool",2,20,26.1,20.8,NA,73,NA,2,1,314,627,890,1224,314,313,263,334,306,263,0.837418301,0.837418301,0.974334601
361,"4/4/2024",NA,302,3,"North","STURT","Cool",2,25,24.6,25,NA,73,NA,1,1,184,335,473,671,184,151,138,198,167.75,138,1.52757079,1.52757079,1.856884058
730,"12/4/2024",NA,302,3,"North","STURT","Cool",2,30,25.7,30.5,NA,73,NA,2,1,165,273,440,574,165,108,167,134,143.5,108,1.785714286,1.785714286,2.372685185
207,"28/3/2024",NA,302,3,"North","STURT","Cool",2,35,25.3,34.6,NA,73,NA,1,1,181,451,638,732,181,270,187,94,183,94,1.400273224,1.400273224,2.72606383
53,"26/3/2024",NA,302,3,"North","STURT","Cool",2,40,25.8,39.5,NA,73,"G",1,1,259,327,585,656,259,68,258,71,164,68,1.5625,1.5625,3.768382353
529,NA,NA,302,3,"North","STURT","Cool",2,NA,NA,8.7533,NA,73,NA,NA,1,NA,NA,NA,NA,NA,NA,NA,NA,NA,NA,0,0,0
452,NA,NA,302,3,"North","STURT","Cool",2,NA,NA,43.5173,NA,73,NA,NA,1,NA,NA,NA,NA,NA,NA,NA,NA,NA,NA,0,0,0
528,"9/4/2024",NA,303,3,"North","STURT","Warm",1,20,26.4,19.7,NA,75,NA,2,1,457,1026,1373,1567,457,569,347,194,391.75,194,0.654116146,0.654116146,1.320876289
373,"4/4/2024",NA,303,3,"North","STURT","Warm",1,25,25.1,25.4,NA,75,NA,1,1,NA,929,1114,1921,NA,929,185,807,640.3333333,185,0.533576262,0.400182197,1.385135135
742,"12/4/2024",NA,303,3,"North","STURT","Warm",1,30,26,29.9,NA,75,NA,2,1,213,365,553,769,213,152,188,216,192.25,152,1.33289987,1.33289987,1.685855263
220,"28/3/2024",NA,303,3,"North","STURT","Warm",1,35,25.2,35.4,NA,75,NA,2,1,125,369,569,745,125,244,200,176,186.25,125,1.375838926,1.375838926,2.05
65,"26/3/2024",NA,303,3,"North","STURT","Warm",1,40,25.6,38.5,NA,75,"G",1,1,271,389,743,934,271,118,354,191,233.5,118,1.097430407,1.097430407,2.171610169
532,NA,NA,303,3,"North","STURT","Warm",1,NA,NA,8.7095,NA,75,NA,NA,1,NA,NA,NA,NA,NA,NA,NA,NA,NA,NA,0,0,0
455,NA,NA,303,3,"North","STURT","Warm",1,NA,NA,43.4467,NA,75,NA,NA,1,NA,NA,NA,NA,NA,NA,NA,NA,NA,NA,0,0,0
762,"12/4/2024",NA,304,4,"North","STURT","Warm",1,20,25.8,19.4,NA,72,NA,2,1,802,2094,2587,3377,802,1292,493,790,844.25,493,0.303523838,0.303523838,0.519776876
240,"2/4/2024",NA,304,4,"North","STURT","Warm",1,25,25.5,24.9,NA,72,NA,2,1,469,588,1031,1460,469,119,443,429,365,119,0.702054795,0.702054795,2.153361345
85,"26/3/2024",NA,304,4,"North","STURT","Warm",1,30,25.6,30.4,NA,72,"G",1,1,112,400,1204,1398,112,288,804,194,349.5,112,0.733190272,0.733190272,2.287946429
548,"9/4/2024",NA,304,4,"North","STURT","Warm",1,35,25,35.9,NA,72,NA,2,1,260,372,881,987,260,112,509,106,246.75,106,1.038500507,1.038500507,2.41745283
393,"4/4/2024",NA,304,4,"North","STURT","Warm",1,40,26.3,39.6,NA,72,NA,1,1,NA,303,513,820,NA,303,210,307,273.3333333,210,1.25,0.9375,1.220238095
544,NA,NA,304,4,"North","STURT","Warm",1,NA,NA,7.497,NA,72,NA,NA,1,NA,NA,NA,NA,NA,NA,NA,NA,NA,NA,0,0,0
467,NA,NA,304,4,"North","STURT","Warm",1,NA,NA,44.7692,NA,72,NA,NA,1,NA,NA,NA,NA,NA,NA,NA,NA,NA,NA,0,0,0
116,"27/3/2024",NA,305,5,"North","STURT","Warm",1,20,25.1,20.3,NA,73,NA,2,1,757,1088,1493,1723,757,331,405,230,430.75,230,0.594892629,0.594892629,1.114130435
578,"10/4/2024",NA,305,5,"North","STURT","Warm",1,25,24.4,24.5,NA,73,NA,2,1,269,381,692,838,269,112,311,146,209.5,112,1.223150358,1.223150358,2.287946429
424,"4/4/2024",NA,305,5,"North","STURT","Warm",1,30,25.3,29.7,NA,73,NA,2,1,98,314,543,639,98,216,229,96,159.75,96,1.604068858,1.604068858,2.669270833
661,"11/4/2024",NA,305,5,"North","STURT","Warm",1,35,26.3,35.7,NA,73,NA,1,1,187,1054,1156,1432,187,867,102,276,358,102,0.715782123,0.715782123,2.512254902
269,"2/4/2024",NA,305,5,"North","STURT","Warm",1,40,25.9,38.9,NA,73,NA,1,1,105,265,390,586,105,160,125,196,146.5,105,1.749146758,1.749146758,2.44047619
560,NA,NA,305,5,"North","STURT","Warm",1,NA,NA,6.1485,NA,73,NA,NA,1,NA,NA,NA,NA,NA,NA,NA,NA,NA,NA,0,0,0
483,NA,NA,305,5,"North","STURT","Warm",1,NA,NA,43.1042,NA,73,NA,NA,1,NA,NA,NA,NA,NA,NA,NA,NA,NA,NA,0,0,0
744,"12/4/2024",NA,308,3,"North","STURT","Cool",2,20,26,19.3,NA,71,NA,2,1,1129,1875,2058,2352,1129,746,183,294,588,183,0.43579932,0.43579932,1.400273224
221,"28/3/2024",NA,308,3,"North","STURT","Cool",2,25,25.2,26.2,NA,71,NA,1,1,327,532,685,920,327,205,153,235,230,153,1.114130435,1.114130435,1.674836601
67,"26/3/2024",NA,308,3,"North","STURT","Cool",2,30,25.8,30.5,NA,71,"G",1,1,764,1208,1330,1564,764,444,122,234,391,122,0.655370844,0.655370844,2.100409836
529,"9/4/2024",NA,308,3,"North","STURT","Cool",2,35,26.4,34.8,NA,71,NA,1,1,213,373,667,775,213,160,294,108,193.75,108,1.322580645,1.322580645,2.372685185
375,"4/4/2024",NA,308,3,"North","STURT","Cool",2,40,25,39.8,NA,71,NA,1,1,477,758,927,1244,477,281,169,317,311,169,0.823954984,0.823954984,1.516272189
533,NA,NA,308,3,"North","STURT","Cool",2,NA,NA,6.586,NA,71,NA,NA,1,NA,NA,NA,NA,NA,NA,NA,NA,NA,NA,0,0,0
456,NA,NA,308,3,"North","STURT","Cool",2,NA,NA,42.1573,NA,71,NA,NA,1,NA,NA,NA,NA,NA,NA,NA,NA,NA,NA,0,0,0
648,"11/4/2024",NA,309,5,"North","STURT","Warm",1,20,25.5,19.9,NA,76,NA,2,1,672,1606,1936,2191,672,934,330,255,547.75,255,0.467822912,0.467822912,1.004901961
256,"2/4/2024",NA,309,5,"North","STURT","Warm",1,25,26.3,25.5,NA,76,NA,2,1,138,275,462,649,138,137,187,187,162.25,137,1.579352851,1.579352851,1.870437956
102,"27/3/2024",NA,309,5,"North","STURT","Warm",1,30,24.8,29.7,NA,76,"G",2,1,206,340,507,685,206,134,167,178,171.25,134,1.496350365,1.496350365,1.912313433
564,"10/4/2024",NA,309,5,"North","STURT","Warm",1,35,24.3,35.1,NA,76,NA,2,1,102,209,365,483,102,107,156,118,120.75,102,2.122153209,2.122153209,2.512254902
410,"4/4/2024",NA,309,5,"North","STURT","Warm",1,40,25.8,38.5,NA,76,NA,2,1,734,925,1012,1180,734,191,87,168,295,87,0.868644068,0.868644068,2.945402299
549,NA,NA,309,5,"North","STURT","Warm",1,NA,NA,7.8669,NA,76,NA,NA,1,NA,NA,NA,NA,NA,NA,NA,NA,NA,NA,0,0,0
472,NA,NA,309,5,"North","STURT","Warm",1,NA,NA,43.1,NA,76,NA,NA,1,NA,NA,NA,NA,NA,NA,NA,NA,NA,NA,0,0,0
88,"26/3/2024",NA,311,4,"North","STURT","Cool",2,20,25.3,21.1,NA,73,"G",2,1,438,604,878,1176,438,166,274,298,294,166,0.871598639,0.871598639,1.543674699
395,"4/4/2024",NA,311,4,"North","STURT","Cool",2,25,26.2,25,NA,73,NA,1,1,190,632,867,1021,190,442,235,154,255.25,154,1.003917728,1.003917728,1.663961039
764,"12/4/2024",NA,311,4,"North","STURT","Cool",2,30,25.8,31.4,NA,73,NA,2,1,113,234,360,507,113,121,126,147,126.75,113,2.021696252,2.021696252,2.267699115
550,"9/4/2024",NA,311,4,"North","STURT","Cool",2,35,25,35.5,NA,73,NA,2,1,363,438,607,752,363,75,169,145,188,75,1.363031915,1.363031915,3.416666667
242,"2/4/2024",NA,311,4,"North","STURT","Cool",2,40,25.6,39.6,NA,73,NA,2,1,283,353,521,653,283,70,168,132,163.25,70,1.569678407,1.569678407,3.660714286
545,NA,NA,311,4,"North","STURT","Cool",2,NA,NA,8.4962,NA,73,NA,NA,1,NA,NA,NA,NA,NA,NA,NA,NA,NA,NA,0,0,0
468,NA,NA,311,4,"North","STURT","Cool",2,NA,NA,43.5597,NA,73,NA,NA,1,NA,NA,NA,NA,NA,NA,NA,NA,NA,NA,0,0,0
555,"10/4/2024",NA,312,5,"North","STURT","Cool",2,20,24.2,21.9,NA,76,NA,1,1,183,325,678,963,183,142,353,285,240.75,142,1.064382139,1.064382139,1.804577465
401,"4/4/2024",NA,312,5,"North","STURT","Cool",2,25,26,25.4,NA,76,NA,1,1,239,356,631,803,239,117,275,172,200.75,117,1.276463263,1.276463263,2.19017094
639,"11/4/2024",NA,312,5,"North","STURT","Cool",2,30,26.2,29.5,NA,76,NA,1,1,353,457,798,960,353,104,341,162,240,104,1.067708333,1.067708333,2.463942308
248,"2/4/2024",NA,312,5,"North","STURT","Cool",2,35,26.5,34.7,NA,76,NA,2,1,212,288,462,539,212,76,174,77,134.75,76,1.901669759,1.901669759,3.371710526
93,"27/3/2024",NA,312,5,"North","STURT","Cool",2,40,25,38.8,NA,76,"G",1,1,376,578,700,965,376,202,122,265,241.25,122,1.062176166,1.062176166,2.100409836
550,NA,NA,312,5,"North","STURT","Cool",2,NA,NA,8.71,NA,76,NA,NA,1,NA,NA,NA,NA,NA,NA,NA,NA,NA,NA,0,0,0
473,NA,NA,312,5,"North","STURT","Cool",2,NA,NA,43.9554,NA,76,NA,NA,1,NA,NA,NA,NA,NA,NA,NA,NA,NA,NA,0,0,0
678,"11/4/2024",NA,315,6,"North","STURT","Warm",1,20,26.5,19.9,NA,72,NA,2,1,655,927,1272,2020,655,272,345,748,505,272,0.507425743,0.507425743,0.942095588
285,"2/4/2024",NA,315,6,"North","STURT","Warm",1,25,25.1,25.8,NA,72,NA,1,1,330,436,625,831,330,106,189,206,207.75,106,1.23345367,1.23345367,2.41745283
131,"27/3/2024",NA,315,6,"North","STURT","Warm",1,30,25.8,30.2,NA,72,NA,1,1,220,305,449,578,220,85,144,129,144.5,85,1.773356401,1.773356401,3.014705882
594,"10/4/2024",NA,315,6,"North","STURT","Warm",1,35,26.3,35.6,NA,72,NA,2,1,346,444,586,710,346,98,142,124,177.5,98,1.443661972,1.443661972,2.614795918
439,"5/4/2024",NA,315,6,"North","STURT","Warm",1,40,25.1,38.5,NA,72,NA,1,1,110,233,358,496,110,123,125,138,124,110,2.066532258,2.066532258,2.329545455
566,NA,NA,315,6,"North","STURT","Warm",1,NA,NA,7.3642,NA,72,NA,NA,1,NA,NA,NA,NA,NA,NA,NA,NA,NA,NA,0,0,0
489,NA,NA,315,6,"North","STURT","Warm",1,NA,NA,43.095,NA,72,NA,NA,1,NA,NA,NA,NA,NA,NA,NA,NA,NA,NA,0,0,0
573,"10/4/2024",NA,316,5,"North","STURT","Cool",2,20,24.4,20.9,NA,75,NA,1,1,237,475,686,937,237,238,211,251,234.25,211,1.093916756,1.093916756,1.214454976
419,"4/4/2024",NA,316,5,"North","STURT","Cool",2,25,25.2,25.6,NA,75,NA,1,1,190,407,614,815,190,217,207,201,203.75,190,1.257668712,1.257668712,1.348684211
658,"11/4/2024",NA,316,5,"North","STURT","Cool",2,30,25.2,29.8,NA,75,NA,2,1,242,356,460,610,242,114,104,150,152.5,104,1.680327869,1.680327869,2.463942308
265,"2/4/2024",NA,316,5,"North","STURT","Cool",2,35,25.8,35.4,NA,75,NA,1,1,243,352,450,595,243,109,98,145,148.75,98,1.722689076,1.722689076,2.614795918
111,"27/3/2024",NA,316,5,"North","STURT","Cool",2,40,25.1,40.1,NA,75,NA,1,1,541,645,773,955,541,104,128,182,238.75,104,1.073298429,1.073298429,2.463942308
555,NA,NA,316,5,"North","STURT","Cool",2,NA,NA,6.5142,NA,75,NA,NA,1,NA,NA,NA,NA,NA,NA,NA,NA,NA,NA,0,0,0
478,NA,NA,316,5,"North","STURT","Cool",2,NA,NA,43.9888,NA,75,NA,NA,1,NA,NA,NA,NA,NA,NA,NA,NA,NA,NA,0,0,0
609,"10/4/2024",NA,317,7,"North","STURT","Warm",1,20,25.4,19.7,NA,74,NA,1,1,1101,2098,3116,4134,1101,997,1018,1018,1033.5,997,0.24794388,0.24794388,0.257021063
456,"5/4/2024",NA,317,7,"North","STURT","Warm",1,25,26.3,25.7,NA,74,NA,2,1,279,520,660,866,279,241,140,206,216.5,140,1.183602771,1.183602771,1.830357143
694,"11/4/2024",NA,317,7,"North","STURT","Warm",1,30,24.4,30.2,NA,74,NA,2,1,618,897,1341,1463,618,279,444,122,365.75,122,0.700615174,0.700615174,2.100409836
302,"3/4/2024",NA,317,7,"North","STURT","Warm",1,35,25,35.2,NA,74,NA,2,1,585,701,1261,1494,585,116,560,233,373.5,116,0.686077644,0.686077644,2.209051724
147,"27/3/2024",NA,317,7,"North","STURT","Warm",1,40,25.8,39.4,NA,74,NA,1,1,98,773,940,1114,98,675,167,174,278.5,98,0.92010772,0.92010772,2.614795918
576,NA,NA,317,7,"North","STURT","Warm",1,NA,NA,10.7306,NA,74,NA,NA,1,NA,NA,NA,NA,NA,NA,NA,NA,NA,NA,0,0,0
499,NA,NA,317,7,"North","STURT","Warm",1,NA,NA,43.8193,NA,74,NA,NA,1,NA,NA,NA,NA,NA,NA,NA,NA,NA,NA,0,0,0
665,"11/4/2024",NA,318,6,"North","STURT","Cool",2,20,26.2,19.8,NA,75,NA,1,1,744,988,1326,1655,744,244,338,329,413.75,244,0.619335347,0.619335347,1.050204918
273,"2/4/2024",NA,318,6,"North","STURT","Cool",2,25,25.1,25.5,NA,75,NA,1,1,340,463,634,848,340,123,171,214,212,123,1.208726415,1.208726415,2.083333333
119,"27/3/2024",NA,318,6,"North","STURT","Cool",2,30,26.2,30,NA,75,NA,1,1,350,566,716,836,350,216,150,120,209,120,1.226076555,1.226076555,2.135416667
582,"10/4/2024",NA,318,6,"North","STURT","Cool",2,35,25.7,35.5,NA,75,NA,2,1,192,363,472,629,192,171,109,157,157.25,109,1.629570747,1.629570747,2.350917431
428,"5/4/2024",NA,318,6,"North","STURT","Cool",2,40,24.7,37.8,NA,75,NA,2,1,223,329,551,620,223,106,222,69,155,69,1.653225806,1.653225806,3.713768116
561,NA,NA,318,6,"North","STURT","Cool",2,NA,NA,9.0415,NA,75,NA,NA,1,NA,NA,NA,NA,NA,NA,NA,NA,NA,NA,0,0,0
484,NA,NA,318,6,"North","STURT","Cool",2,NA,NA,42.8904,NA,75,NA,NA,1,NA,NA,NA,NA,NA,NA,NA,NA,NA,NA,0,0,0
169,"28/3/2024",NA,320,1,"North","MR","Cool",2,25,25.1,25.5,NA,70,NA,1,1,260,393,1046,1282,260,133,653,236,320.5,133,0.799531981,0.799531981,1.926691729
715,"12/4/2024",NA,320,1,"North","MR","Cool",2,30,24.8,30.5,NA,70,NA,1,1,102,200,384,606,102,98,184,222,151.5,98,1.691419142,1.691419142,2.614795918
478,"8/4/2024",NA,320,1,"North","MR","Cool",2,35,25.3,34.7,NA,70,NA,2,1,283,387,524,854,283,104,137,330,213.5,104,1.200234192,1.200234192,2.463942308
323,"3/4/2024",NA,320,1,"North","MR","Cool",2,40,26.2,39.2,NA,70,NA,1,1,245,493,876,1036,245,248,383,160,259,160,0.989382239,0.989382239,1.6015625
510,NA,NA,320,1,"North","MR","Cool",2,NA,NA,5.9649,NA,70,NA,NA,1,NA,NA,NA,NA,NA,NA,NA,NA,NA,NA,0,0,0
433,NA,NA,320,1,"North","MR","Cool",2,NA,NA,42.4912,NA,70,NA,NA,1,NA,NA,NA,NA,NA,NA,NA,NA,NA,NA,0,0,0
511,NA,NA,321,1,"North","MR","Warm",1,NA,NA,8.5884,NA,76,NA,NA,1,NA,NA,NA,NA,NA,NA,NA,NA,NA,NA,0,0,0
434,NA,NA,321,1,"North","MR","Warm",1,NA,NA,40.631,NA,76,NA,NA,1,NA,NA,NA,NA,NA,NA,NA,NA,NA,NA,0,0,0
16,"22/3/2024",NA,321,1,"North","MR","Warm",1,20,25,20.8,NA,76,NA,2,1,1009,1388,1747,2011,1009,379,359,264,502.75,264,0.509696668,0.509696668,0.970643939
476,"8/4/2024",NA,321,1,"North","MR","Warm",1,25,25.3,25.4,NA,76,NA,2,1,163,390,550,769,163,227,160,219,192.25,160,1.33289987,1.33289987,1.6015625
322,"3/4/2024",NA,321,1,"North","MR","Warm",1,30,26,30.6,NA,76,NA,2,1,111,270,403,560,111,159,133,157,140,111,1.830357143,1.830357143,2.308558559
713,"12/4/2024",NA,321,1,"North","MR","Warm",1,35,25,34.4,NA,76,NA,1,1,295,416,507,784,295,121,91,277,196,91,1.307397959,1.307397959,2.815934066
168,"28/3/2024",NA,321,1,"North","MR","Warm",1,40,25.1,39.7,NA,76,NA,2,1,130,260,471,751,130,130,211,280,187.75,130,1.364846871,1.364846871,1.971153846
512,NA,NA,322,1,"North","MR","Cool",2,NA,NA,7.6282,NA,72,NA,NA,1,NA,NA,NA,NA,NA,NA,NA,NA,NA,NA,0,0,0
435,NA,NA,322,1,"North","MR","Cool",2,NA,NA,42.7254,NA,72,NA,NA,1,NA,NA,NA,NA,NA,NA,NA,NA,NA,NA,0,0,0
22,"22/3/2024",NA,322,1,"North","MR","Cool",2,20,24.7,20.3,NA,72,NA,2,1,308,640,893,1286,308,332,253,393,321.5,253,0.797045101,0.797045101,1.01284585
484,"8/4/2024",NA,322,1,"North","MR","Cool",2,25,25.4,26.5,NA,72,"1",2,1,280,463,710,875,280,183,247,165,218.75,165,1.171428571,1.171428571,1.553030303
330,"3/4/2024",NA,322,1,"North","MR","Cool",2,35,26.3,29.7,NA,72,NA,2,1,441,591,906,1237,441,150,315,331,309.25,150,0.828617623,0.828617623,1.708333333
721,"12/4/2024",NA,322,1,"North","MR","Cool",2,35,25.1,35,NA,72,NA,1,1,635,832,925,1027,635,197,93,102,256.75,93,0.99805258,0.99805258,2.755376344
175,"28/3/2024",NA,322,1,"North","MR","Cool",2,40,25.2,39.7,NA,72,NA,1,1,NA,116,266,545,NA,116,150,279,181.6666667,116,1.880733945,1.410550459,2.209051724
5,"22/3/2024",NA,323,1,"North","MR","Cool",2,20,25.5,20.3,NA,64,NA,1,1,231,756,1011,1258,231,525,255,247,314.5,231,0.814785374,0.814785374,1.109307359
466,"8/4/2024",NA,323,1,"North","MR","Cool",2,25,25.5,25.8,NA,64,NA,2,1,382,980,1257,1654,382,598,277,397,413.5,277,0.619709794,0.619709794,0.925090253
703,"12/4/2024",NA,323,1,"North","MR","Cool",2,35,24.7,34.7,NA,64,NA,1,1,200,434,615,813,200,234,181,198,203.25,181,1.260762608,1.260762608,1.415745856
158,"28/3/2024",NA,323,1,"North","MR","Cool",2,40,24.2,39.5,NA,64,NA,2,1,119,258,481,695,119,139,223,214,173.75,119,1.474820144,1.474820144,2.153361345
504,NA,NA,323,1,"North","MR","Cool",2,NA,NA,6.4017,NA,64,NA,NA,1,NA,NA,NA,NA,NA,NA,NA,NA,NA,NA,0,0,0
427,NA,NA,323,1,"North","MR","Cool",2,NA,NA,43.259,NA,64,NA,NA,1,NA,NA,NA,NA,NA,NA,NA,NA,NA,NA,0,0,0
491,"9/4/2024",NA,324,2,"North","MR","Warm",1,20,24.4,20.1,NA,66,NA,1,1,271,465,689,1069,271,194,224,380,267.25,194,0.958840037,0.958840037,1.320876289
338,"3/4/2024",NA,324,2,"North","MR","Warm",1,25,26.2,26.2,NA,66,NA,2,1,246,345,623,808,246,99,278,185,202,99,1.268564356,1.268564356,2.588383838
621,"11/4/2024",NA,324,2,"North","MR","Warm",1,30,25,30.2,NA,66,NA,1,1,142,325,410,631,142,183,85,221,157.75,85,1.624405705,1.624405705,3.014705882
184,"28/3/2024",NA,324,2,"North","MR","Warm",1,35,26.2,34.7,NA,66,NA,2,1,178,262,341,481,178,84,79,140,120.25,79,2.130977131,2.130977131,3.243670886
29,"26/3/2024",NA,324,2,"North","MR","Warm",1,40,25.4,39.4,NA,66,"G",1,1,305,888,1022,1143,305,583,134,121,285.75,121,0.896762905,0.896762905,2.117768595
515,NA,NA,324,2,"North","MR","Warm",1,NA,NA,6.0704,NA,66,NA,NA,1,NA,NA,NA,NA,NA,NA,NA,NA,NA,NA,0,0,0
438,NA,NA,324,2,"North","MR","Warm",1,NA,NA,42.5128,NA,66,NA,NA,1,NA,NA,NA,NA,NA,NA,NA,NA,NA,NA,0,0,0
725,"12/4/2024",NA,326,3,"North","MR","Warm",1,20,25.6,19.9,NA,71,NA,1,1,339,586,960,1302,339,247,374,342,325.5,247,0.787250384,0.787250384,1.037449393
204,"28/3/2024",NA,326,3,"North","MR","Warm",1,25,25.5,25.2,NA,71,NA,2,1,189,506,650,894,189,317,144,244,223.5,144,1.146532438,1.146532438,1.779513889
49,"26/3/2024",NA,326,3,"North","MR","Warm",1,30,25.1,29.6,NA,71,"G",1,1,395,520,844,1254,395,125,324,410,313.5,125,0.81738437,0.81738437,2.05
511,"9/4/2024",NA,326,3,"North","MR","Warm",1,35,26.2,34.8,NA,71,NA,1,1,191,290,508,784,191,99,218,276,196,99,1.307397959,1.307397959,2.588383838
358,"4/4/2024",NA,326,3,"North","MR","Warm",1,40,24.6,37.8,NA,71,NA,2,1,134,278,527,735,134,144,249,208,183.75,134,1.394557823,1.394557823,1.912313433
527,NA,NA,326,3,"North","MR","Warm",1,NA,NA,7.4564,NA,71,NA,NA,1,NA,NA,NA,NA,NA,NA,NA,NA,NA,NA,0,0,0
450,NA,NA,326,3,"North","MR","Warm",1,NA,NA,41.6823,NA,71,NA,NA,1,NA,NA,NA,NA,NA,NA,NA,NA,NA,NA,0,0,0
58,"26/3/2024",NA,327,3,"North","MR","Warm",1,20,25.8,21.2,NA,65,"G",2,1,467,912,1120,1362,467,445,208,242,340.5,208,0.75256975,0.75256975,1.231971154
520,"9/4/2024",NA,327,3,"North","MR","Warm",1,25,26.2,25.3,NA,65,NA,2,1,148,317,445,594,148,169,128,149,148.5,128,1.725589226,1.725589226,2.001953125
365,"4/4/2024",NA,327,3,"North","MR","Warm",1,30,24.8,30.6,NA,65,NA,1,1,496,639,759,939,496,143,120,180,234.75,120,1.091586794,1.091586794,2.135416667
734,"12/4/2024",NA,327,3,"North","MR","Warm",1,35,25.6,35,NA,65,NA,2,1,126,294,445,596,126,168,151,151,149,126,1.719798658,1.719798658,2.033730159
212,"28/3/2024",NA,327,3,"North","MR","Warm",1,40,25.2,38.7,NA,65,NA,2,1,176,278,370,462,176,102,92,92,115.5,92,2.218614719,2.218614719,2.785326087
530,NA,NA,327,3,"North","MR","Warm",1,NA,NA,9.4392,NA,65,NA,NA,1,NA,NA,NA,NA,NA,NA,NA,NA,NA,NA,0,0,0
453,NA,NA,327,3,"North","MR","Warm",1,NA,NA,42.4852,NA,65,NA,NA,1,NA,NA,NA,NA,NA,NA,NA,NA,NA,NA,0,0,0
503,"9/4/2024",NA,330,2,"North","MR","Cool",2,20,24.9,19.8,NA,70,NA,1,1,412,757,1080,1397,412,345,323,317,349.25,317,0.733715104,0.733715104,0.808359621
349,"3/4/2024",NA,330,2,"North","MR","Cool",2,25,25.8,25.9,NA,70,NA,1,1,206,384,612,1099,206,178,228,487,274.75,178,0.93266606,0.93266606,1.439606742
633,"11/4/2024",NA,330,2,"North","MR","Cool",2,30,25.1,29.6,NA,70,NA,1,1,168,493,735,945,168,325,242,210,236.25,168,1.084656085,1.084656085,1.525297619
196,"28/3/2024",NA,330,2,"North","MR","Cool",2,35,26.2,34.7,NA,70,NA,2,1,192,493,613,862,192,301,120,249,215.5,120,1.189095128,1.189095128,2.135416667
42,"26/3/2024",NA,330,2,"North","MR","Cool",2,40,24.8,38.7,NA,70,"G",2,1,493,815,902,1328,493,322,87,426,332,87,0.771837349,0.771837349,2.945402299
521,NA,NA,330,2,"North","MR","Cool",2,NA,NA,8.8298,NA,70,NA,NA,1,NA,NA,NA,NA,NA,NA,NA,NA,NA,NA,0,0,0
444,NA,NA,330,2,"North","MR","Cool",2,NA,NA,43.221,NA,70,NA,NA,1,NA,NA,NA,NA,NA,NA,NA,NA,NA,NA,0,0,0
52,"26/3/2024",NA,331,3,"North","MR","Cool",2,20,25.6,22.5,NA,69,"G",2,1,281,589,1684,1952,281,308,1095,268,488,268,0.525102459,0.525102459,0.956156716
514,"9/4/2024",NA,331,3,"North","MR","Cool",2,25,26.2,26.1,NA,69,NA,2,1,213,756,954,1106,213,543,198,152,276.5,152,0.92676311,0.92676311,1.685855263
359,"4/4/2024",NA,331,3,"North","MR","Cool",2,30,24.6,29.8,NA,69,NA,1,1,147,1274,1825,2020,147,1127,551,195,505,147,0.507425743,0.507425743,1.743197279
728,"12/4/2024",NA,331,3,"North","MR","Cool",2,35,25.6,34.8,NA,69,NA,2,1,297,2203,2308,2477,297,1906,105,169,619.25,105,0.413807025,0.413807025,2.44047619
206,"28/3/2024",NA,331,3,"North","MR","Cool",2,40,25.2,38.2,NA,69,NA,2,1,773,970,1707,1986,773,197,737,279,496.5,197,0.51611279,0.51611279,1.300761421
528,NA,NA,331,3,"North","MR","Cool",2,NA,NA,5.7399,NA,69,NA,NA,1,NA,NA,NA,NA,NA,NA,NA,NA,NA,NA,0,0,0
451,NA,NA,331,3,"North","MR","Cool",2,NA,NA,43.76,NA,69,NA,NA,1,NA,NA,NA,NA,NA,NA,NA,NA,NA,NA,0,0,0
69,"26/3/2024",NA,334,3,"North","MR","Cool",2,20,25.8,22.5,NA,73,"G",1,1,1124,1424,2080,3389,1124,300,656,1309,847.25,300,0.3024491,0.3024491,0.854166667
531,"9/4/2024",NA,334,3,"North","MR","Cool",2,25,26.5,25,NA,73,NA,1,1,290,464,777,953,290,174,313,176,238.25,174,1.075550892,1.075550892,1.472701149
377,"4/4/2024",NA,334,3,"North","MR","Cool",2,30,25,30,NA,73,NA,1,1,146,367,556,783,146,221,189,227,195.75,146,1.309067688,1.309067688,1.755136986
746,"12/4/2024",NA,334,3,"North","MR","Cool",2,35,26,35.9,NA,73,NA,2,1,272,383,581,890,272,111,198,309,222.5,111,1.151685393,1.151685393,2.308558559
223,"28/3/2024",NA,334,3,"North","MR","Cool",2,40,25.2,39.6,NA,73,NA,1,1,291,621,1157,1453,291,330,536,296,363.25,291,0.705437027,0.705437027,0.880584192
534,NA,NA,334,3,"North","MR","Cool",2,NA,NA,5.7399,NA,73,NA,NA,1,NA,NA,NA,NA,NA,NA,NA,NA,NA,NA,0,0,0
457,NA,NA,334,3,"North","MR","Cool",2,NA,NA,41.9478,NA,73,NA,NA,1,NA,NA,NA,NA,NA,NA,NA,NA,NA,NA,0,0,0
756,"12/4/2024",NA,337,4,"North","MR","Cool",2,20,26,19.7,NA,78,NA,2,1,413,704,1088,1464,413,291,384,376,366,291,0.700136612,0.700136612,0.880584192
234,"2/4/2024",NA,337,4,"North","MR","Cool",2,25,25.3,25,NA,78,NA,2,1,245,423,616,960,245,178,193,344,240,178,1.067708333,1.067708333,1.439606742
80,"26/3/2024",NA,337,4,"North","MR","Cool",2,30,25.6,30.5,NA,78,"G",2,1,331,404,552,725,331,73,148,173,181.25,73,1.413793103,1.413793103,3.510273973
542,"9/4/2024",NA,337,4,"North","MR","Cool",2,35,25.2,34.7,NA,78,NA,2,1,295,386,520,707,295,91,134,187,176.75,91,1.449787836,1.449787836,2.815934066
387,"4/4/2024",NA,337,4,"North","MR","Cool",2,40,26.3,39.4,NA,78,NA,1,1,123,226,374,472,123,103,148,98,118,98,2.171610169,2.171610169,2.614795918
541,NA,NA,337,4,"North","MR","Cool",2,NA,NA,5.3985,NA,78,NA,NA,1,NA,NA,NA,NA,NA,NA,NA,NA,NA,NA,0,0,0
464,NA,NA,337,4,"North","MR","Cool",2,NA,NA,42.1847,NA,78,NA,NA,1,NA,NA,NA,NA,NA,NA,NA,NA,NA,NA,0,0,0
261,"2/4/2024",NA,338,5,"North","MR","Cool",2,25,26.1,24.5,NA,64,NA,1,1,461,682,1022,1765,461,221,340,743,441.25,221,0.580736544,0.580736544,1.159502262
108,"27/3/2024",NA,338,5,"North","MR","Cool",2,30,25.1,29.9,NA,64,NA,2,1,NA,498,955,1073,NA,498,457,118,357.6666667,118,0.95526561,0.716449208,2.171610169
654,"11/4/2024",NA,338,5,"North","MR","Cool",2,20,25.1,20.2,NA,64,NA,2,1,1044,1498,1948,2305,1044,454,450,357,576.25,357,0.444685466,0.444685466,0.717787115
570,"10/4/2024",NA,338,5,"North","MR","Cool",2,35,24.4,35.6,NA,64,NA,2,1,148,286,430,627,148,138,144,197,156.75,138,1.63476874,1.63476874,1.856884058
416,"4/4/2024",NA,338,5,"North","MR","Cool",2,40,25.4,38.9,NA,64,NA,2,1,561,NA,1178,1351,561,NA,1178,173,637.3333333,173,0.758697261,0.4020659,1.481213873
556,NA,NA,338,5,"North","MR","Cool",2,NA,NA,6.504,NA,64,NA,NA,1,NA,NA,NA,NA,NA,NA,NA,NA,NA,NA,0,0,0
479,NA,NA,338,5,"North","MR","Cool",2,NA,NA,43.5892,NA,64,NA,NA,1,NA,NA,NA,NA,NA,NA,NA,NA,NA,NA,0,0,0
104,"27/3/2024",NA,339,5,"North","MR","Cool",2,20,24.8,20.1,NA,72,NA,2,1,922,1331,1836,4571,922,409,505,2735,1142.75,409,0.224239772,0.224239772,0.626528117
566,"10/4/2024",NA,339,5,"North","MR","Cool",2,25,24.3,25.8,NA,72,NA,2,1,442,705,880,1116,442,263,175,236,279,175,0.918458781,0.918458781,1.464285714
412,"4/4/2024",NA,339,5,"North","MR","Cool",2,30,25.6,30.3,NA,72,NA,2,1,248,539,760,1040,248,291,221,280,260,221,0.985576923,0.985576923,1.159502262
649,"11/4/2024",NA,339,5,"North","MR","Cool",2,35,25.4,35,NA,72,NA,1,1,137,488,887,1554,137,351,399,667,388.5,137,0.65958816,0.65958816,1.870437956
257,"2/4/2024",NA,339,5,"North","MR","Cool",2,40,26.2,39.7,NA,72,NA,1,1,168,521,672,850,168,353,151,178,212.5,151,1.205882353,1.205882353,1.697019868
551,NA,NA,339,5,"North","MR","Cool",2,NA,NA,9.8814,NA,72,NA,NA,1,NA,NA,NA,NA,NA,NA,NA,NA,NA,NA,0,0,0
474,NA,NA,339,5,"North","MR","Cool",2,NA,NA,42.3692,NA,72,NA,NA,1,NA,NA,NA,NA,NA,NA,NA,NA,NA,NA,0,0,0
134,"27/3/2024",NA,340,6,"North","MR","Cool",2,20,25.8,20.6,NA,71,NA,2,1,248,511,776,1045,248,263,265,269,261.25,248,0.980861244,0.980861244,1.033266129
596,"10/4/2024",NA,340,6,"North","MR","Cool",2,25,26.4,25,NA,71,NA,2,1,883,1103,1288,1512,883,220,185,224,378,185,0.677910053,0.677910053,1.385135135
442,"5/4/2024",NA,340,6,"North","MR","Cool",2,30,25.1,30.2,NA,71,NA,2,1,188,475,623,806,188,287,148,183,201.5,148,1.271712159,1.271712159,1.731418919
679,"11/4/2024",NA,340,6,"North","MR","Cool",2,35,26.5,34.8,NA,71,NA,1,1,169,399,676,930,169,230,277,254,232.5,169,1.102150538,1.102150538,1.516272189
287,"2/4/2024",NA,340,6,"North","MR","Cool",2,40,25,38.9,NA,71,NA,1,1,423,550,690,983,423,127,140,293,245.75,127,1.042726348,1.042726348,2.017716535
567,NA,NA,340,6,"North","MR","Cool",2,NA,NA,6.7048,NA,71,NA,NA,1,NA,NA,NA,NA,NA,NA,NA,NA,NA,NA,0,0,0
490,NA,NA,340,6,"North","MR","Cool",2,NA,NA,42.1726,NA,71,NA,NA,1,NA,NA,NA,NA,NA,NA,NA,NA,NA,NA,0,0,0
568,"10/4/2024",NA,341,5,"North","MR","Warm",1,20,24.3,20.6,NA,75,NA,2,1,595,1167,1402,2521,595,572,235,1119,630.25,235,0.406584689,0.406584689,1.090425532
413,"4/4/2024",NA,341,5,"North","MR","Warm",1,25,25.3,25.5,NA,75,NA,1,1,185,320,674,1978,185,135,354,1304,494.5,135,0.518200202,0.518200202,1.898148148
652,"11/4/2024",NA,341,5,"North","MR","Warm",1,30,25.1,30.2,NA,75,NA,2,1,463,588,1779,1991,463,125,1191,212,497.75,125,0.514816675,0.514816675,2.05
105,"27/3/2024",NA,341,5,"North","MR","Warm",1,40,25.1,39.3,NA,75,NA,1,1,502,630,754,935,502,128,124,181,233.75,124,1.096256684,1.096256684,2.066532258
557,NA,NA,341,5,"North","MR","Warm",1,NA,NA,7.1954,NA,75,NA,NA,1,NA,NA,NA,NA,NA,NA,NA,NA,NA,NA,0,0,0
480,NA,NA,341,5,"North","MR","Warm",1,NA,NA,42.941,NA,75,NA,NA,1,NA,NA,NA,NA,NA,NA,NA,NA,NA,NA,0,0,0
659,"11/4/2024",NA,344,5,"North","MR","Warm",1,20,25.6,19.5,NA,67,NA,1,1,1979,2695,3251,3708,1979,716,556,457,927,457,0.276429342,0.276429342,0.560722101
267,"2/4/2024",NA,344,5,"North","MR","Warm",1,25,25.9,24.7,NA,67,NA,1,1,198,1980,2671,2927,198,1782,691,256,731.75,198,0.350187906,0.350187906,1.294191919
114,"27/3/2024",NA,344,5,"North","MR","Warm",1,30,25,30.1,NA,67,NA,2,1,198,383,564,758,198,185,181,194,189.5,181,1.352242744,1.352242744,1.415745856
575,"10/4/2024",NA,344,5,"North","MR","Warm",1,35,24.4,35,NA,67,NA,1,1,185,423,675,815,185,238,252,140,203.75,140,1.257668712,1.257668712,1.830357143
421,"4/4/2024",NA,344,5,"North","MR","Warm",1,40,25.3,37.6,NA,67,NA,1,1,170,NA,1335,1497,170,NA,1335,162,555.6666667,162,0.684702739,0.461157768,1.581790123
558,NA,NA,344,5,"North","MR","Warm",1,NA,NA,8.6486,NA,67,NA,NA,1,NA,NA,NA,NA,NA,NA,NA,NA,NA,NA,0,0,0
481,NA,NA,344,5,"North","MR","Warm",1,NA,NA,43.4962,NA,67,NA,NA,1,NA,NA,NA,NA,NA,NA,NA,NA,NA,NA,0,0,0
604,"10/4/2024",NA,346,7,"North","MR","Cool",2,20,25.3,19.4,NA,68,NA,2,1,319,551,830,1037,319,232,279,207,259.25,207,0.988428158,0.988428158,1.237922705
450,"5/4/2024",NA,346,7,"North","MR","Cool",2,25,26.1,25.4,NA,68,NA,2,1,469,666,908,1048,469,197,242,140,262,140,0.978053435,0.978053435,1.830357143
688,"11/4/2024",NA,346,7,"North","MR","Cool",2,30,24.6,29.4,NA,68,NA,2,1,476,806,1076,1200,476,330,270,124,300,124,0.854166667,0.854166667,2.066532258
296,"3/4/2024",NA,346,7,"North","MR","Cool",2,35,25,35.4,NA,68,NA,2,1,510,695,1072,1171,510,185,377,99,292.75,99,0.875320239,0.875320239,2.588383838
141,"27/3/2024",NA,346,7,"North","MR","Cool",2,40,26.3,39.2,NA,68,NA,1,1,467,718,808,1012,467,251,90,204,253,90,1.01284585,1.01284585,2.847222222
573,NA,NA,346,7,"North","MR","Cool",2,NA,NA,8.2642,NA,68,NA,NA,1,NA,NA,NA,NA,NA,NA,NA,NA,NA,NA,0,0,0
496,NA,NA,346,7,"North","MR","Cool",2,NA,NA,42.3938,NA,68,NA,NA,1,NA,NA,NA,NA,NA,NA,NA,NA,NA,NA,0,0,0
684,"11/4/2024",NA,347,6,"North","MR","Warm",1,20,26.5,19.6,NA,73,NA,2,1,513,858,1225,1560,513,345,367,335,390,335,0.657051282,0.657051282,0.764925373
291,"2/4/2024",NA,347,6,"North","MR","Warm",1,25,25,25.5,NA,73,NA,1,1,1501,1649,1914,2162,1501,148,265,248,540.5,148,0.474098057,0.474098057,1.731418919
137,"27/3/2024",NA,347,6,"North","MR","Warm",1,30,25.7,30.5,NA,73,NA,1,1,926,1162,1303,1656,926,236,141,353,414,141,0.618961353,0.618961353,1.817375887
600,"10/4/2024",NA,347,6,"North","MR","Warm",1,35,26.3,35.6,NA,73,NA,2,1,147,437,631,942,147,290,194,311,235.5,147,1.088110403,1.088110403,1.743197279
446,"5/4/2024",NA,347,6,"North","MR","Warm",1,40,25.3,40.1,NA,73,NA,2,1,169,906,1595,1819,169,737,689,224,454.75,169,0.563496427,0.563496427,1.516272189
570,NA,NA,347,6,"North","MR","Warm",1,NA,NA,8.34,NA,73,NA,NA,1,NA,NA,NA,NA,NA,NA,NA,NA,NA,NA,0,0,0
493,NA,NA,347,6,"North","MR","Warm",1,NA,NA,42.067,NA,73,NA,NA,1,NA,NA,NA,NA,NA,NA,NA,NA,NA,NA,0,0,0
513,NA,NA,351,1,"South","KNGA","Warm",1,NA,NA,9.6361,NA,63,NA,NA,1,NA,NA,NA,NA,NA,NA,NA,NA,NA,NA,0,0,0
436,NA,NA,351,1,"South","KNGA","Warm",1,NA,NA,41.0471,NA,63,NA,NA,1,NA,NA,NA,NA,NA,NA,NA,NA,NA,NA,0,0,0
717,"12/4/2024",NA,351,1,"South","KNGA","Warm",1,20,24.8,19.6,NA,63,NA,1,1,1128,2153,2474,2940,1128,1025,321,466,735,321,0.348639456,0.348639456,0.798286604
172,"28/3/2024",NA,351,1,"South","KNGA","Warm",1,25,25.2,25,NA,63,NA,2,1,222,484,823,1028,222,262,339,205,257,205,0.997081712,0.997081712,1.25
18,"22/3/2024",NA,351,1,"South","KNGA","Warm",1,30,25.5,30.8,NA,63,NA,2,1,586,1217,1409,1634,586,631,192,225,408.5,192,0.627294982,0.627294982,1.334635417
479,"8/4/2024",NA,351,1,"South","KNGA","Warm",1,35,25.2,34.1,NA,63,NA,1,1,130,260,1329,1629,130,130,1069,300,407.25,130,0.629220381,0.629220381,1.971153846
325,"3/4/2024",NA,351,1,"South","KNGA","Warm",1,40,26.2,38.2,NA,63,NA,1,1,156,298,455,610,156,142,157,155,152.5,142,1.680327869,1.680327869,1.804577465
485,"9/4/2024",NA,353,2,"South","KNGA","Warm",1,20,24.2,21.5,NA,65,NA,1,1,315,536,816,1149,315,221,280,333,287.25,221,0.89208007,0.89208007,1.159502262
331,"3/4/2024",NA,353,2,"South","KNGA","Warm",1,25,26.3,25.4,NA,65,NA,1,1,286,533,668,909,286,247,135,241,227.25,135,1.127612761,1.127612761,1.898148148
615,"11/4/2024",NA,353,2,"South","KNGA","Warm",1,30,24.6,29.6,NA,65,NA,1,1,282,417,521,693,282,135,104,172,173.25,104,1.479076479,1.479076479,2.463942308
177,"28/3/2024",10:05:00,353,2,"South","KNGA","Warm",1,35,26,34.4,NA,65,NA,1,1,197,560,637,754,197,363,77,117,188.5,77,1.359416446,1.359416446,3.327922078
24,"26/3/2024",10:05:00,353,2,"South","KNGA","Warm",1,40,25.1,38.8,NA,65,"G",2,1,607,829,1102,1389,607,222,273,287,347.25,222,0.737940965,0.737940965,1.154279279
516,NA,NA,353,2,"South","KNGA","Warm",1,NA,NA,6.4063,NA,65,NA,NA,1,NA,NA,NA,NA,NA,NA,NA,NA,NA,NA,0,0,0
439,NA,NA,353,2,"South","KNGA","Warm",1,NA,NA,42.1692,NA,65,NA,NA,1,NA,NA,NA,NA,NA,NA,NA,NA,NA,NA,0,0,0
314,"3/4/2024",NA,356,1,"South","KNGA","Cool",2,25,26.3,26.2,NA,65,NA,2,1,293,891,1086,2046,NA,598,195,960,584.3333333,195,0.500977517,0.438533942,1.314102564
706,"12/4/2024",NA,356,1,"South","KNGA","Cool",2,30,24.8,29.3,NA,65,NA,2,1,322,523,936,1118,322,201,413,182,279.5,182,0.916815742,0.916815742,1.407967033
160,"28/3/2024",NA,356,1,"South","KNGA","Cool",2,35,24.3,35,NA,65,NA,2,1,143,532,789,952,143,389,257,163,238,143,1.076680672,1.076680672,1.791958042
8,"22/3/2024",NA,356,1,"South","KNGA","Cool",2,40,25.4,39.3,NA,65,NA,2,1,114,335,638,1088,114,221,303,450,272,114,0.942095588,0.942095588,2.247807018
505,NA,NA,356,1,"South","KNGA","Cool",2,NA,NA,8.6056,NA,65,NA,NA,1,NA,NA,NA,NA,NA,NA,NA,NA,NA,NA,0,0,0
428,NA,NA,356,1,"South","KNGA","Cool",2,NA,NA,43.2731,NA,65,NA,NA,1,NA,NA,NA,NA,NA,NA,NA,NA,NA,NA,0,0,0
34,"26/3/2024",NA,357,2,"South","KNGA","Warm",1,20,25,20.5,NA,65,"G",2,1,763,1069,3281,3608,763,306,2212,327,902,306,0.284090909,0.284090909,0.837418301
495,"9/4/2024",NA,357,2,"South","KNGA","Warm",1,25,24.6,25.7,NA,65,NA,1,1,389,1159,1405,1672,389,770,246,267,418,246,0.613038278,0.613038278,1.041666667
341,"3/4/2024",NA,357,2,"South","KNGA","Warm",1,30,25.9,29.5,NA,65,NA,1,1,523,897,1042,1548,523,374,145,506,387,145,0.662144703,0.662144703,1.767241379
625,"11/4/2024",NA,357,2,"South","KNGA","Warm",1,35,25,35.5,NA,65,NA,1,1,1010,1176,1557,1749,1010,166,381,192,437.25,166,0.586049171,0.586049171,1.543674699
188,"28/3/2024",NA,357,2,"South","KNGA","Warm",1,40,26.3,39.3,NA,65,NA,2,1,511,729,1662,1905,511,218,933,243,476.25,218,0.538057743,0.538057743,1.175458716
519,NA,NA,357,2,"South","KNGA","Warm",1,NA,NA,8.8587,NA,65,NA,NA,1,NA,NA,NA,NA,NA,NA,NA,NA,NA,NA,0,0,0
442,NA,NA,357,2,"South","KNGA","Warm",1,NA,NA,42.8715,NA,65,NA,NA,1,NA,NA,NA,NA,NA,NA,NA,NA,NA,NA,0,0,0
732,"12/4/2024",NA,359,3,"South","KNGA","Warm",1,20,25.7,19.7,NA,66,NA,2,1,326,846,1406,1878,326,520,560,472,469.5,326,0.545793397,0.545793397,0.786042945
209,"28/3/2024",NA,359,3,"South","KNGA","Warm",1,25,25.2,24.6,NA,66,NA,1,1,210,439,621,830,210,229,182,209,207.5,182,1.234939759,1.234939759,1.407967033
56,"26/3/2024",NA,359,3,"South","KNGA","Warm",1,30,25.8,30.6,NA,66,"G",2,1,483,648,799,956,483,165,151,157,239,151,1.072175732,1.072175732,1.697019868
517,"9/4/2024",NA,359,3,"South","KNGA","Warm",1,35,26.2,34.6,NA,66,NA,1,1,133,222,NA,590,133,89,NA,590,270.6666667,89,1.737288136,0.946736453,2.879213483
363,"4/4/2024",NA,359,3,"South","KNGA","Warm",1,40,24.7,39.7,NA,66,NA,1,1,167,241,1417,1512,167,74,1176,95,378,74,0.677910053,0.677910053,3.462837838
531,NA,NA,359,3,"South","KNGA","Warm",1,NA,NA,6.8931,NA,66,NA,NA,1,NA,NA,NA,NA,NA,NA,NA,NA,NA,NA,0,0,0
454,NA,NA,359,3,"South","KNGA","Warm",1,NA,NA,41.7,NA,66,NA,NA,1,NA,NA,NA,NA,NA,NA,NA,NA,NA,NA,0,0,0
545,"9/4/2024",NA,361,4,"South","KNGA","Warm",1,20,25.1,19.9,NA,65,NA,1,1,266,444,695,1034,266,178,251,339,258.5,178,0.991295938,0.991295938,1.439606742
391,"4/4/2024",NA,361,4,"South","KNGA","Warm",1,25,26.3,25.2,NA,65,NA,1,1,222,432,581,751,222,210,149,170,187.75,149,1.364846871,1.364846871,1.719798658
759,"12/4/2024",NA,361,4,"South","KNGA","Warm",1,30,26,30.4,NA,65,NA,1,1,192,354,464,589,192,162,110,125,147.25,110,1.740237691,1.740237691,2.329545455
237,"2/4/2024",NA,361,4,"South","KNGA","Warm",1,35,25.5,35,NA,65,NA,1,1,196,331,483,680,196,135,152,197,170,135,1.507352941,1.507352941,1.898148148
83,"26/3/2024",NA,361,4,"South","KNGA","Warm",1,40,25.6,38.5,NA,65,"G",1,1,202,408,648,1089,202,206,240,441,272.25,202,0.941230487,0.941230487,1.268564356
546,NA,NA,361,4,"South","KNGA","Warm",1,NA,NA,8.9439,NA,65,NA,NA,1,NA,NA,NA,NA,NA,NA,NA,NA,NA,NA,0,0,0
469,NA,NA,361,4,"South","KNGA","Warm",1,NA,NA,43.5416,NA,65,NA,NA,1,NA,NA,NA,NA,NA,NA,NA,NA,NA,NA,0,0,0
629,"11/4/2024",NA,363,2,"South","KNGA","Cool",2,20,25,19.5,NA,63,NA,1,1,495,1530,2409,2827,495,1035,879,418,706.75,418,0.362575168,0.362575168,0.613038278
191,"28/3/2024",NA,363,2,"South","KNGA","Cool",2,25,26.2,25.9,NA,63,NA,1,1,292,530,1082,1386,292,238,552,304,346.5,238,0.73953824,0.73953824,1.076680672
37,"26/3/2024",NA,363,2,"South","KNGA","Cool",2,30,25.2,30.6,NA,63,"G",1,1,539,741,933,1267,539,202,192,334,316.75,192,0.808997632,0.808997632,1.334635417
499,"9/4/2024",NA,363,2,"South","KNGA","Cool",2,35,24.7,35.1,NA,63,NA,1,1,232,417,NA,1820,232,185,NA,1820,745.6666667,185,0.563186813,0.343652213,1.385135135
345,"3/4/2024",NA,363,2,"South","KNGA","Cool",2,40,25.9,39.8,NA,63,NA,1,1,971,1111,1296,1487,971,140,185,191,371.75,140,0.68930733,0.68930733,1.830357143
522,NA,NA,363,2,"South","KNGA","Cool",2,NA,NA,10.5298,NA,63,NA,NA,1,NA,NA,NA,NA,NA,NA,NA,NA,NA,NA,0,0,0
445,NA,NA,363,2,"South","KNGA","Cool",2,NA,NA,41.4459,NA,63,NA,NA,1,NA,NA,NA,NA,NA,NA,NA,NA,NA,NA,0,0,0
766,"12/4/2024",NA,364,4,"South","KNGA","Warm",1,20,25.7,19.6,NA,65,NA,2,1,875,1383,1741,2949,875,508,358,1208,737.25,358,0.347575449,0.347575449,0.715782123
552,"9/4/2024",NA,364,4,"South","KNGA","Warm",1,25,24.9,25.1,NA,65,NA,2,1,253,523,1401,1580,253,270,878,179,395,179,0.648734177,0.648734177,1.431564246
398,"4/4/2024",NA,364,4,"South","KNGA","Warm",1,30,26.3,29.5,NA,65,NA,2,1,532,730,1291,1446,532,198,561,155,361.5,155,0.708852006,0.708852006,1.653225806
243,"2/4/2024",NA,364,4,"South","KNGA","Warm",1,35,25.5,35.4,NA,65,NA,1,1,229,362,531,1303,229,133,169,772,325.75,133,0.786646201,0.786646201,1.926691729
89,"26/3/2024",NA,364,4,"South","KNGA","Warm",1,40,25.6,39.1,NA,65,"G",1,1,NA,364,539,660,NA,364,175,121,220,121,1.553030303,1.164772727,2.117768595
547,NA,NA,364,4,"South","KNGA","Warm",1,NA,NA,10.5298,NA,65,NA,NA,1,NA,NA,NA,NA,NA,NA,NA,NA,NA,NA,0,0,0
470,NA,NA,364,4,"South","KNGA","Warm",1,NA,NA,40.471,NA,65,NA,NA,1,NA,NA,NA,NA,NA,NA,NA,NA,NA,NA,0,0,0
497,"9/4/2024",NA,365,2,"South","KNGA","Cool",2,20,24.6,20.5,NA,65,NA,1,1,867,1346,2407,2639,867,479,1061,232,659.75,232,0.388404699,0.388404699,1.104525862
344,"3/4/2024",NA,365,2,"South","KNGA","Cool",2,25,25.9,25.5,NA,65,NA,2,1,478,859,1033,1219,478,381,174,186,304.75,174,0.840853158,0.840853158,1.472701149
627,"11/4/2024",NA,365,2,"South","KNGA","Cool",2,30,25,29.5,NA,65,NA,1,1,594,860,1108,1295,594,266,248,187,323.75,187,0.791505792,0.791505792,1.370320856
190,"28/3/2024",NA,365,2,"South","KNGA","Cool",2,35,26.2,35.7,NA,65,NA,2,1,242,769,917,1184,242,527,148,267,296,148,0.865709459,0.865709459,1.731418919
36,"26/3/2024",NA,365,2,"South","KNGA","Cool",2,40,25.3,39.6,NA,65,"B",2,1,1086,1190,1801,2307,1086,104,611,506,576.75,104,0.444299957,0.444299957,2.463942308
520,NA,NA,365,2,"South","KNGA","Cool",2,NA,NA,11.0658,NA,65,NA,NA,1,NA,NA,NA,NA,NA,NA,NA,NA,NA,NA,0,0,0
443,NA,NA,365,2,"South","KNGA","Cool",2,NA,NA,43.227,NA,65,NA,NA,1,NA,NA,NA,NA,NA,NA,NA,NA,NA,NA,0,0,0
641,"11/4/2024",NA,366,5,"South","KNGA","Warm",1,20,26.2,19.6,NA,64,NA,1,1,348,861,1161,1618,348,513,300,457,404.5,300,0.633498146,0.633498146,0.854166667
96,"27/3/2024",NA,366,5,"South","KNGA","Warm",1,20,25,21.2,NA,64,"G",2,1,381,626,939,1194,381,245,313,255,298.5,245,0.858458961,0.858458961,1.045918367
249,"2/4/2024",NA,366,5,"South","KNGA","Warm",1,25,26.5,25,NA,64,NA,1,1,410,885,1145,1369,410,475,260,224,342.25,224,0.748721695,0.748721695,1.143973214
558,"10/4/2024",NA,366,5,"South","KNGA","Warm",1,35,24.2,34.4,NA,64,NA,2,1,287,473,690,864,287,186,217,174,216,174,1.186342593,1.186342593,1.472701149
403,"4/4/2024",NA,366,5,"South","KNGA","Warm",1,40,26,38.5,NA,64,NA,1,1,566,754,1032,1263,566,188,278,231,315.75,188,0.811559778,0.811559778,1.363031915
552,NA,NA,366,5,"South","KNGA","Warm",1,NA,NA,10.3548,NA,64,NA,NA,1,NA,NA,NA,NA,NA,NA,NA,NA,NA,NA,0,0,0
475,NA,NA,366,5,"South","KNGA","Warm",1,NA,NA,41.834,NA,64,NA,NA,1,NA,NA,NA,NA,NA,NA,NA,NA,NA,NA,0,0,0
127,"27/3/2024",NA,367,6,"South","KNGA","Warm",1,20,25.9,20.5,NA,69,NA,1,1,494,705,985,1318,494,211,280,333,329.5,211,0.777693475,0.777693475,1.214454976
590,"10/4/2024",NA,367,6,"South","KNGA","Warm",1,25,26.1,25.5,NA,69,NA,2,1,145,264,454,599,145,119,190,145,149.75,119,1.711185309,1.711185309,2.153361345
436,"5/4/2024",NA,367,6,"South","KNGA","Warm",1,30,25.3,30.1,NA,69,NA,2,1,226,360,469,638,226,134,109,169,159.5,109,1.606583072,1.606583072,2.350917431
674,"11/4/2024",NA,367,6,"South","KNGA","Warm",1,35,25.6,34.6,NA,69,NA,2,1,399,501,652,838,399,102,151,186,209.5,102,1.223150358,1.223150358,2.512254902
282,"2/4/2024",NA,367,6,"South","KNGA","Warm",1,40,25.1,39.5,NA,69,NA,2,1,153,293,473,619,153,140,180,146,154.75,140,1.655896607,1.655896607,1.830357143
568,NA,NA,367,6,"South","KNGA","Warm",1,NA,NA,7.0407,NA,69,NA,NA,1,NA,NA,NA,NA,NA,NA,NA,NA,NA,NA,0,0,0
491,NA,NA,367,6,"South","KNGA","Warm",1,NA,NA,42.4781,NA,69,NA,NA,1,NA,NA,NA,NA,NA,NA,NA,NA,NA,NA,0,0,0
121,"27/3/2024",NA,369,6,"South","KNGA","Warm",1,20,26,20.5,NA,66,NA,1,1,809,1196,1512,1951,809,387,316,439,487.75,316,0.525371604,0.525371604,0.810917722
584,"10/4/2024",NA,369,6,"South","KNGA","Warm",1,25,25.7,25.8,NA,66,NA,2,1,380,690,1047,1392,380,310,357,345,348,310,0.736350575,0.736350575,0.826612903
429,"5/4/2024",NA,369,6,"South","KNGA","Warm",1,30,24.7,29.7,NA,66,NA,1,1,199,657,807,977,199,458,150,170,244.25,150,1.04912999,1.04912999,1.708333333
667,"11/4/2024",NA,369,6,"South","KNGA","Warm",1,35,26.3,34.5,NA,66,NA,1,1,290,780,1114,1234,290,490,334,120,308.5,120,0.830632091,0.830632091,2.135416667
275,"2/4/2024",NA,369,6,"South","KNGA","Warm",1,40,25.1,38.7,NA,66,NA,1,1,NA,348,759,874,NA,348,411,115,291.33,115,1.172768879,0.879576659,2.22826087
562,NA,NA,369,6,"South","KNGA","Warm",1,NA,NA,9.7142,NA,66,NA,NA,1,NA,NA,NA,NA,NA,NA,NA,NA,NA,NA,0,0,0
485,NA,NA,369,6,"South","KNGA","Warm",1,NA,NA,41.894,NA,66,NA,NA,1,NA,NA,NA,NA,NA,NA,NA,NA,NA,NA,0,0,0
521,"9/4/2024",NA,371,3,"South","KNGA","Cool",2,20,26.3,19.8,NA,64,NA,1,1,340,1551,1960,2839,340,1211,409,879,709.75,340,0.361042621,0.361042621,0.753676471
368,"4/4/2024",NA,371,3,"South","KNGA","Cool",2,25,25.1,25.3,NA,64,NA,2,1,177,363,572,922,177,186,209,350,230.5,177,1.111713666,1.111713666,1.447740113
735,"12/4/2024",NA,371,3,"South","KNGA","Cool",2,30,25.6,30.4,NA,64,NA,1,1,257,682,831,1034,257,425,149,203,258.5,149,0.991295938,0.991295938,1.719798658
214,"28/3/2024",NA,371,3,"South","KNGA","Cool",2,35,25.3,35.4,NA,64,NA,2,1,175,375,570,797,175,200,195,227,199.25,175,1.286072773,1.286072773,1.464285714
59,"26/3/2024",NA,371,3,"South","KNGA","Cool",2,40,25.6,38.4,NA,64,"G",1,1,142,279,427,566,142,137,148,139,141.5,137,1.810954064,1.810954064,1.870437956
535,NA,NA,371,3,"South","KNGA","Cool",2,NA,NA,6.7048,NA,64,NA,NA,1,NA,NA,NA,NA,NA,NA,NA,NA,NA,NA,0,0,0
458,NA,NA,371,3,"South","KNGA","Cool",2,NA,NA,42.1492,NA,64,NA,NA,1,NA,NA,NA,NA,NA,NA,NA,NA,NA,NA,0,0,0
533,"9/4/2024",NA,375,4,"South","KNGA","Cool",2,20,25.8,19.7,NA,62,NA,1,1,261,481,665,921,261,220,184,256,230.25,184,1.112920738,1.112920738,1.392663043
380,"4/4/2024",NA,375,4,"South","KNGA","Cool",2,25,26.2,24.89,NA,62,NA,2,1,256,536,771,969,256,280,235,198,242.25,198,1.057791538,1.057791538,1.294191919
748,"12/4/2024",NA,375,4,"South","KNGA","Cool",2,30,26.3,30.3,NA,62,NA,2,1,196,866,1043,1177,196,670,177,134,294.25,134,0.870858114,0.870858114,1.912313433
226,"2/4/2024",NA,375,4,"South","KNGA","Cool",2,35,24.6,34.9,NA,62,NA,2,1,239,461,696,851,239,222,235,155,212.75,155,1.204465335,1.204465335,1.653225806
72,"26/3/2024",NA,375,4,"South","KNGA","Cool",2,40,25.6,39.1,NA,62,"G",2,1,465,756,1101,1189,465,291,345,88,297.25,88,0.862068966,0.862068966,2.911931818
538,NA,NA,375,4,"South","KNGA","Cool",2,NA,NA,5.172,NA,62,NA,NA,1,NA,NA,NA,NA,NA,NA,NA,NA,NA,NA,0,0,0
461,NA,NA,375,4,"South","KNGA","Cool",2,NA,NA,42.1962,NA,62,NA,NA,1,NA,NA,NA,NA,NA,NA,NA,NA,NA,NA,0,0,0
75,"26/3/2024",NA,376,4,"South","KNGA","Cool",2,20,26,20.9,NA,70,"G",1,1,368,635,917,1211,368,267,282,294,302.75,267,0.846407927,0.846407927,0.959737828
537,"9/4/2024",NA,376,4,"South","KNGA","Cool",2,25,25.5,25.2,NA,70,NA,1,1,154,265,431,585,154,111,166,154,146.25,111,1.752136752,1.752136752,2.308558559
383,"4/4/2024",NA,376,4,"South","KNGA","Cool",2,30,26.2,29.9,NA,70,NA,1,1,248,343,511,697,248,95,168,186,174.25,95,1.470588235,1.470588235,2.697368421
752,"12/4/2024",NA,376,4,"South","KNGA","Cool",2,35,26.3,35,NA,70,NA,2,1,137,290,600,879,137,153,310,279,219.75,137,1.166097838,1.166097838,1.870437956
230,"2/4/2024",NA,376,4,"South","KNGA","Cool",2,40,24.6,39.1,NA,70,NA,2,1,101,171,628,949,101,70,457,321,237.25,70,1.080084299,1.080084299,3.660714286
539,NA,NA,376,4,"South","KNGA","Cool",2,NA,NA,9.2259,NA,70,NA,NA,1,NA,NA,NA,NA,NA,NA,NA,NA,NA,NA,0,0,0
462,NA,NA,376,4,"South","KNGA","Cool",2,NA,NA,42.8381,NA,70,NA,NA,1,NA,NA,NA,NA,NA,NA,NA,NA,NA,NA,0,0,0
560,"10/4/2024",NA,377,5,"South","KNGA","Cool",2,25,24.2,26,NA,65,NA,2,1,198,486,648,812,198,288,162,164,203,162,1.262315271,1.262315271,1.581790123
406,"4/4/2024",NA,377,5,"South","KNGA","Cool",2,30,26,29.8,NA,65,NA,2,1,436,556,682,968,436,120,126,286,242,120,1.058884298,1.058884298,2.135416667
643,"11/4/2024",NA,377,5,"South","KNGA","Cool",2,35,26.2,35.2,NA,65,NA,1,1,156,316,523,612,156,160,207,89,153,89,1.674836601,1.674836601,2.879213483
251,"2/4/2024",NA,377,5,"South","KNGA","Cool",2,40,26.3,39.3,NA,65,NA,1,1,192,557,721,939,192,365,164,218,234.75,164,1.091586794,1.091586794,1.5625
553,NA,NA,377,5,"South","KNGA","Cool",2,NA,NA,10.5033,NA,65,NA,NA,1,NA,NA,NA,NA,NA,NA,NA,NA,NA,NA,0,0,0
476,NA,NA,377,5,"South","KNGA","Cool",2,NA,NA,41.7294,NA,65,NA,NA,1,NA,NA,NA,NA,NA,NA,NA,NA,NA,NA,0,0,0
592,"10/4/2024",NA,378,6,"South","KNGA","Cool",2,20,26.1,19.9,NA,66,NA,2,1,554,898,2096,2372,554,344,1198,276,593,276,0.432124789,0.432124789,0.928442029
437,"5/4/2024",NA,378,6,"South","KNGA","Cool",2,25,25.4,25,NA,66,NA,1,1,875,1025,1184,1367,875,150,159,183,341.75,150,0.749817118,0.749817118,1.708333333
675,"11/4/2024",NA,378,6,"South","KNGA","Cool",2,30,26.5,29.4,NA,66,NA,1,1,125,326,600,934,125,201,274,334,233.5,125,1.097430407,1.097430407,2.05
130,"27/3/2024",NA,378,6,"South","KNGA","Cool",2,40,25.8,39.2,NA,66,NA,2,1,666,798,1048,1299,666,132,250,251,324.75,132,0.789068514,0.789068514,1.941287879
569,NA,NA,378,6,"South","KNGA","Cool",2,NA,NA,8.1626,NA,66,NA,NA,1,NA,NA,NA,NA,NA,NA,NA,NA,NA,NA,0,0,0
492,NA,NA,378,6,"South","KNGA","Cool",2,NA,NA,41.0135,NA,66,NA,NA,1,NA,NA,NA,NA,NA,NA,NA,NA,NA,NA,0,0,0
690,"11/4/2024",NA,379,7,"South","KNGA","Warm",1,20,24.5,19.8,NA,62,NA,2,1,302,548,904,2610,302,246,356,1706,652.5,246,0.392720307,0.392720307,1.041666667
298,"3/4/2024",NA,379,7,"South","KNGA","Warm",1,25,25.1,25.3,NA,62,NA,2,1,367,535,656,838,367,168,121,182,209.5,121,1.223150358,1.223150358,2.117768595
143,"27/3/2024",NA,379,7,"South","KNGA","Warm",1,30,26.3,30.3,NA,62,NA,1,1,232,317,487,694,232,85,170,207,173.5,85,1.476945245,1.476945245,3.014705882
606,"10/4/2024",NA,379,7,"South","KNGA","Warm",1,35,25.3,35.2,NA,62,NA,2,1,122,269,399,545,122,147,130,146,136.25,122,1.880733945,1.880733945,2.100409836
452,"5/4/2024",NA,379,7,"South","KNGA","Warm",1,40,26.3,39,NA,62,NA,2,1,228,372,594,786,228,144,222,192,196.5,144,1.304071247,1.304071247,1.779513889
574,NA,NA,379,7,"South","KNGA","Warm",1,NA,NA,9.2658,NA,62,NA,NA,1,NA,NA,NA,NA,NA,NA,NA,NA,NA,NA,0,0,0
497,NA,NA,379,7,"South","KNGA","Warm",1,NA,NA,42.1423,NA,62,NA,NA,1,NA,NA,NA,NA,NA,NA,NA,NA,NA,NA,0,0,0
139,"27/3/2024",NA,380,6,"South","KNGA","Cool",2,20,25.7,20,NA,64,NA,1,1,336,759,1016,1440,336,423,257,424,360,257,0.711805556,0.711805556,0.997081712
447,"5/4/2024",NA,380,6,"South","KNGA","Cool",2,30,25.4,30,NA,64,NA,1,1,187,347,511,687,187,160,164,176,171.75,160,1.491994178,1.491994178,1.6015625
686,"11/4/2024",NA,380,6,"South","KNGA","Cool",2,35,25.5,34.7,NA,64,NA,2,1,164,281,408,571,164,117,127,163,142.75,117,1.795096322,1.795096322,2.19017094
294,"2/4/2024",NA,380,6,"South","KNGA","Cool",2,40,25,39,NA,64,NA,2,1,162,1030,1173,1288,162,868,143,115,322,115,0.795807453,0.795807453,2.22826087
571,NA,NA,380,6,"South","KNGA","Cool",2,NA,NA,10,NA,64,NA,NA,1,NA,NA,NA,NA,NA,NA,NA,NA,NA,NA,0,0,0
494,NA,NA,380,6,"South","KNGA","Cool",2,NA,NA,43.1471,NA,64,NA,NA,1,NA,NA,NA,NA,NA,NA,NA,NA,NA,NA,0,0,0
613,"10/4/2024",NA,381,7,"South","KNGA","Cool",2,20,25.1,19.5,NA,66,NA,1,1,991,1981,2725,2997,991,990,744,272,749.25,272,0.342008675,0.342008675,0.942095588
460,"5/4/2024",NA,381,7,"South","KNGA","Cool",2,30,26.3,29.5,NA,66,NA,2,1,119,287,535,710,119,168,248,175,177.5,119,1.443661972,1.443661972,2.153361345
306,"3/4/2024",NA,381,7,"South","KNGA","Cool",2,35,25.1,35.9,NA,66,NA,2,1,175,474,604,821,175,299,130,217,205.25,130,1.248477467,1.248477467,1.971153846
151,"27/3/2024",NA,381,7,"South","KNGA","Cool",2,40,25.7,39.3,NA,66,NA,1,1,466,598,806,924,466,132,208,118,231,118,1.109307359,1.109307359,2.171610169
578,NA,NA,381,7,"South","KNGA","Cool",2,NA,NA,6.4298,NA,66,NA,NA,1,NA,NA,NA,NA,NA,NA,NA,NA,NA,NA,0,0,0
501,NA,NA,381,7,"South","KNGA","Cool",2,NA,NA,40.8954,NA,66,NA,NA,1,NA,NA,NA,NA,NA,NA,NA,NA,NA,NA,0,0,0
11,"22/3/2024",NA,384,1,"South","NGKT","Cool",2,20,25,19.9,NA,63,NA,1,1,619,825,1023,1452,619,206,198,429,363,198,0.705922865,0.705922865,1.294191919
472,"8/4/2024",NA,384,1,"South","NGKT","Cool",2,25,25.4,25.5,NA,63,NA,2,1,531,690,1588,2554,531,159,898,966,638.5,159,0.401331245,0.401331245,1.61163522
318,"3/4/2024",NA,384,1,"South","NGKT","Cool",2,30,26.3,30.6,NA,63,NA,2,1,221,410,1107,1254,221,189,697,147,313.5,147,0.81738437,0.81738437,1.743197279
709,"12/4/2024",NA,384,1,"South","NGKT","Cool",2,35,25.2,34.7,NA,63,NA,1,1,254,415,566,845,254,161,151,279,211.25,151,1.213017751,1.213017751,1.697019868
163,"28/3/2024",NA,384,1,"South","NGKT","Cool",2,40,25,39.4,NA,63,NA,1,1,846,989,1125,1797,846,143,136,672,449.25,136,0.570395103,0.570395103,1.884191176
506,NA,NA,384,1,"South","NGKT","Cool",2,NA,NA,8.4142,NA,63,NA,NA,1,NA,NA,NA,NA,NA,NA,NA,NA,NA,NA,0,0,0
429,NA,NA,384,1,"South","NGKT","Cool",2,NA,NA,41.792,NA,63,NA,NA,1,NA,NA,NA,NA,NA,NA,NA,NA,NA,NA,0,0,0
180,"28/3/2024",10:10:00,392,2,"South","NGKT","Cool",2,25,26.2,25,NA,60,NA,2,1,245,417,653,892,245,172,236,239,223,172,1.149103139,1.149103139,1.489825581
26,"26/3/2024",10:10:00,392,2,"South","NGKT","Cool",2,30,25.5,29.4,NA,60,"G",2,1,149,262,410,573,149,113,148,163,143.25,113,1.788830716,1.788830716,2.267699115
487,"9/4/2024",NA,392,2,"South","NGKT","Cool",2,35,24.2,34.5,NA,60,NA,1,1,255,331,615,800,255,76,284,185,200,76,1.28125,1.28125,3.371710526
333,"3/4/2024",NA,392,2,"South","NGKT","Cool",2,40,26.3,38.5,NA,60,NA,1,1,170,305,402,566,170,135,97,164,141.5,97,1.810954064,1.810954064,2.641752577
517,NA,NA,392,2,"South","NGKT","Cool",2,NA,NA,9.1345,NA,60,NA,NA,1,NA,NA,NA,NA,NA,NA,NA,NA,NA,NA,0,0,0
440,NA,NA,392,2,"South","NGKT","Cool",2,NA,NA,42.5389,NA,60,NA,NA,1,NA,NA,NA,NA,NA,NA,NA,NA,NA,NA,0,0,0
45,"26/3/2024",11:10:00,393,2,"South","NGKT","Cool",2,20,25.1,20.7,NA,65,"G",1,1,535,765,1054,1313,535,230,289,259,328.25,230,0.780654989,0.780654989,1.114130435
508,"9/4/2024",NA,393,2,"South","NGKT","Cool",2,25,25.1,25.3,NA,65,NA,2,1,232,545,841,1943,232,313,296,1102,485.75,232,0.52753474,0.52753474,1.504525862
354,"3/4/2024",NA,393,2,"South","NGKT","Cool",2,35,25.7,29.9,NA,65,NA,2,1,193,644,827,985,193,451,183,158,246.25,158,1.040609137,1.040609137,2.621835443
199,"28/3/2024",NA,393,2,"South","NGKT","Cool",2,40,26.3,39.2,NA,65,NA,1,1,469,995,1071,1215,469,526,76,144,303.75,76,0.843621399,0.843621399,3.371710526
523,NA,NA,393,2,"South","NGKT","Cool",2,NA,NA,5.15,NA,65,NA,NA,1,NA,NA,NA,NA,NA,NA,NA,NA,NA,NA,0,0,0
446,NA,NA,393,2,"South","NGKT","Cool",2,NA,NA,42.32,NA,65,NA,NA,1,NA,NA,NA,NA,NA,NA,NA,NA,NA,NA,0,0,0
63,"26/3/2024",NA,395,3,"South","NGKT","Cool",2,20,26,21.1,NA,66,"G",1,1,382,848,1593,1893,382,466,745,300,473.25,300,0.541468568,0.541468568,0.854166667
525,"9/4/2024",NA,395,3,"South","NGKT","Cool",2,25,26.4,26,NA,66,NA,1,1,286,963,1133,2090,286,677,170,957,522.5,170,0.490430622,0.490430622,1.507352941
371,"4/4/2024",NA,395,3,"South","NGKT","Cool",2,30,25,30.1,NA,66,NA,1,1,260,932,1044,2786,260,672,112,1742,696.5,112,0.367910983,0.367910983,2.287946429
739,"12/4/2024",NA,395,3,"South","NGKT","Cool",2,35,25.8,34.7,NA,66,NA,1,1,491,1147,1304,1917,491,656,157,613,479.25,157,0.534689619,0.534689619,1.632165605
217,"28/3/2024",NA,395,3,"South","NGKT","Cool",2,40,25.3,39.1,NA,66,NA,1,1,278,690,1296,1365,278,412,606,69,341.25,69,0.750915751,0.750915751,3.713768116
536,NA,NA,395,3,"South","NGKT","Cool",2,NA,NA,10,NA,66,NA,NA,1,NA,NA,NA,NA,NA,NA,NA,NA,NA,NA,0,0,0
459,NA,NA,395,3,"South","NGKT","Cool",2,NA,NA,43.4921,NA,66,NA,NA,1,NA,NA,NA,NA,NA,NA,NA,NA,NA,NA,0,0,0
540,"9/4/2024",NA,396,4,"South","NGKT","Cool",2,20,25.1,19.7,NA,66,NA,2,1,349,645,927,1473,349,296,282,546,368.25,282,0.695858792,0.695858792,0.908687943
385,"4/4/2024",NA,396,4,"South","NGKT","Cool",2,25,26.2,24.8,NA,66,NA,1,1,187,481,735,1717,187,294,254,982,429.25,187,0.596971462,0.596971462,1.370320856
754,"12/4/2024",NA,396,4,"South","NGKT","Cool",2,30,26.2,29.6,NA,66,NA,2,1,238,992,1138,2093,238,754,146,955,523.25,146,0.489727664,0.489727664,1.755136986
231,"2/4/2024",NA,396,4,"South","NGKT","Cool",2,35,25.3,34.8,NA,66,NA,1,1,218,750,1150,1298,218,532,400,148,324.5,148,0.789676425,0.789676425,1.731418919
77,"26/3/2024",NA,396,4,"South","NGKT","Cool",2,40,25.8,38.5,NA,66,"B",1,1,254,677,830,1167,254,423,153,337,291.75,153,0.87832048,0.87832048,1.674836601
542,NA,NA,396,4,"South","NGKT","Cool",2,NA,NA,9.7814,NA,66,NA,NA,1,NA,NA,NA,NA,NA,NA,NA,NA,NA,NA,0,0,0
465,NA,NA,396,4,"South","NGKT","Cool",2,NA,NA,44.4162,NA,66,NA,NA,1,NA,NA,NA,NA,NA,NA,NA,NA,NA,NA,0,0,0
82,"26/3/2024",NA,397,4,"South","NGKT","Cool",2,20,25.5,21,NA,63,"G",2,1,254,446,1457,1670,254,192,1011,213,417.5,192,0.613772455,0.613772455,1.334635417
390,"4/4/2024",NA,397,4,"South","NGKT","Cool",2,30,26.3,30,NA,63,NA,2,1,342,493,695,875,342,151,202,180,218.75,151,1.171428571,1.171428571,1.697019868
757,"12/4/2024",NA,397,4,"South","NGKT","Cool",2,35,26,35,NA,63,NA,1,1,146,2086,2250,2355,146,1940,164,105,588.75,105,0.435244161,0.435244161,2.44047619
235,"2/4/2024",NA,397,4,"South","NGKT","Cool",2,40,25.3,39.8,NA,63,NA,1,1,166,251,386,535,166,85,135,149,133.75,85,1.91588785,1.91588785,3.014705882
543,NA,NA,397,4,"South","NGKT","Cool",2,NA,NA,10,NA,63,NA,NA,1,NA,NA,NA,NA,NA,NA,NA,NA,NA,NA,0,0,0
466,NA,NA,397,4,"South","NGKT","Cool",2,NA,NA,43.8621,NA,63,NA,NA,1,NA,NA,NA,NA,NA,NA,NA,NA,NA,NA,0,0,0
507,NA,NA,398,1,"South","NGKT","Warm",1,NA,NA,6.92774,NA,56,NA,NA,1,NA,NA,NA,NA,NA,NA,NA,NA,NA,NA,0,0,0
430,NA,NA,398,1,"South","NGKT","Warm",1,NA,NA,44.3217,NA,56,NA,NA,1,NA,NA,NA,NA,NA,NA,NA,NA,NA,NA,0,0,0
469,"8/4/2024",NA,398,1,"South","NGKT","Warm",1,20,25.6,21.8,NA,56,NA,1,1,233,409,590,769,NA,176,181,179,178.6666667,176,1.33289987,1.434235075,1.455965909
161,"28/3/2024",NA,398,1,"South","NGKT","Warm",1,25,24.2,25.5,NA,56,NA,1,1,211,473,639,837,211,262,166,198,209.25,166,1.224611708,1.224611708,1.543674699
10,"22/3/2024",NA,398,1,"South","NGKT","Warm",1,30,25.3,30.7,NA,56,NA,2,1,263,451,601,877,263,188,150,276,219.25,150,1.168757127,1.168757127,1.708333333
708,"12/4/2024",NA,398,1,"South","NGKT","Warm",1,35,25.3,35.2,NA,56,NA,2,1,281,408,596,791,281,127,188,195,197.75,127,1.295828066,1.295828066,2.017716535
316,"3/4/2024",NA,398,1,"South","NGKT","Warm",1,40,26.1,38.1,NA,56,NA,2,1,181,282,423,618,181,101,141,195,154.5,101,1.658576052,1.658576052,2.537128713
39,"26/3/2024",NA,399,2,"South","NGKT","Warm",1,20,25,20.5,NA,64,"G",1,1,720,916,1140,1313,720,196,224,173,328.25,173,0.780654989,0.780654989,1.481213873
501,"9/4/2024",NA,399,2,"South","NGKT","Warm",1,25,24.8,25.4,NA,64,NA,1,1,239,490,673,909,239,251,183,236,227.25,183,1.127612761,1.127612761,1.400273224
348,"3/4/2024",NA,399,2,"South","NGKT","Warm",1,35,25.8,29.9,NA,64,NA,2,1,192,376,557,753,192,184,181,196,188.25,181,1.36122178,1.36122178,1.415745856
631,"11/4/2024",NA,399,2,"South","NGKT","Warm",1,35,25,34.6,NA,64,NA,1,1,1200,1315,1834,2242,1200,115,519,408,560.5,115,0.457181088,0.457181088,2.22826087
193,"28/3/2024",NA,399,2,"South","NGKT","Warm",1,40,26.2,39.1,NA,64,NA,1,1,216,720,802,932,216,504,82,130,233,82,1.099785408,1.099785408,3.125
524,NA,NA,399,2,"South","NGKT","Warm",1,NA,NA,7.9861,NA,64,NA,NA,1,NA,NA,NA,NA,NA,NA,NA,NA,NA,NA,0,0,0
447,NA,NA,399,2,"South","NGKT","Warm",1,NA,NA,42.5755,NA,64,NA,NA,1,NA,NA,NA,NA,NA,NA,NA,NA,NA,NA,0,0,0
636,"11/4/2024",NA,401,2,"South","NGKT","Warm",1,20,25.1,19.4,NA,63,NA,2,1,447,1569,1923,3308,447,1122,354,1385,827,354,0.309854897,0.309854897,0.723870056
197,"28/3/2024",NA,401,2,"South","NGKT","Warm",1,25,26.3,25.8,NA,63,NA,1,1,171,464,680,965,171,293,216,285,241.25,171,1.062176166,1.062176166,1.498538012
43,"26/3/2024",11:05:00,401,2,"South","NGKT","Warm",1,30,25.1,30.2,NA,63,"G",1,1,440,733,971,1141,440,293,238,170,285.25,170,0.898334794,0.898334794,1.507352941
506,"9/4/2024",NA,401,2,"South","NGKT","Warm",1,35,25.2,35.4,NA,63,NA,2,1,424,595,747,888,424,171,152,141,222,141,1.154279279,1.154279279,1.817375887
351,"3/4/2024",NA,401,2,"South","NGKT","Warm",1,40,25.7,39.6,NA,63,NA,1,1,793,1016,1513,1712,793,223,497,199,428,199,0.598714953,0.598714953,1.287688442
525,NA,NA,401,2,"South","NGKT","Warm",1,NA,NA,10,NA,63,NA,NA,1,NA,NA,NA,NA,NA,NA,NA,NA,NA,NA,0,0,0
448,NA,NA,401,2,"South","NGKT","Warm",1,NA,NA,42.5971,NA,63,NA,NA,1,NA,NA,NA,NA,NA,NA,NA,NA,NA,NA,0,0,0
737,"12/4/2024",NA,402,3,"South","NGKT","Warm",1,20,25.8,19.3,NA,62,NA,1,1,332,895,2046,2404,332,563,1151,358,601,332,0.426372712,0.426372712,0.771837349
215,"28/3/2024",NA,402,3,"South","NGKT","Warm",1,25,25.3,25.3,NA,62,NA,1,1,256,548,1194,1460,256,292,646,266,365,256,0.702054795,0.702054795,1.000976563
62,"26/3/2024",NA,402,3,"South","NGKT","Warm",1,30,25.5,30.3,NA,62,"G",2,1,507,952,1157,1459,507,445,205,302,364.75,205,0.702535984,0.702535984,1.25
523,"9/4/2024",NA,402,3,"South","NGKT","Warm",1,35,26.3,35.5,NA,62,NA,1,1,218,403,589,793,218,185,186,204,198.25,185,1.292559899,1.292559899,1.385135135
369,"4/4/2024",NA,402,3,"South","NGKT","Warm",1,40,25.1,39.2,NA,62,NA,1,1,132,360,694,962,132,228,334,268,240.5,132,1.065488565,1.065488565,1.941287879
537,NA,NA,402,3,"South","NGKT","Warm",1,NA,NA,8.5759,NA,62,NA,NA,1,NA,NA,NA,NA,NA,NA,NA,NA,NA,NA,0,0,0
460,NA,NA,402,3,"South","NGKT","Warm",1,NA,NA,41.934,NA,62,NA,NA,1,NA,NA,NA,NA,NA,NA,NA,NA,NA,NA,0,0,0
109,"27/3/2024",NA,403,5,"South","NGKT","Cool",2,20,25,20.7,NA,65,NA,1,1,438,693,1349,1773,438,255,656,424,443.25,255,0.578116187,0.578116187,1.004901961
417,"4/4/2024",NA,403,5,"South","NGKT","Cool",2,30,25.3,30,NA,65,NA,1,1,913,1152,1910,2059,913,239,758,149,514.75,149,0.497814473,0.497814473,1.719798658
656,"11/4/2024",NA,403,5,"South","NGKT","Cool",2,35,25.2,33.6,NA,65,NA,2,1,675,1632,2294,2416,675,957,662,122,604,122,0.424254967,0.424254967,2.100409836
264,"2/4/2024",NA,403,5,"South","NGKT","Cool",2,40,26,39.1,NA,65,NA,2,1,296,444,668,1554,296,148,224,886,388.5,148,0.65958816,0.65958816,1.731418919
559,NA,NA,403,5,"South","NGKT","Cool",2,NA,NA,10.4455,NA,65,NA,NA,1,NA,NA,NA,NA,NA,NA,NA,NA,NA,NA,0,0,0
482,NA,NA,403,5,"South","NGKT","Cool",2,NA,NA,43.205,NA,65,NA,NA,1,NA,NA,NA,NA,NA,NA,NA,NA,NA,NA,0,0,0
749,"12/4/2024",NA,404,4,"South","NGKT","Warm",1,20,26.3,20,NA,63,NA,1,1,281,555,1240,1455,281,274,685,215,363.75,215,0.704467354,0.704467354,1.191860465
228,"2/4/2024",NA,404,4,"South","NGKT","Warm",1,25,25.1,25.1,NA,63,NA,2,1,840,1084,1405,2560,840,244,321,1155,640,244,0.400390625,0.400390625,1.050204918
73,"26/3/2024",NA,404,4,"South","NGKT","Warm",1,30,26,29.5,NA,63,"G",1,1,475,984,1158,1325,475,509,174,167,331.25,167,0.773584906,0.773584906,1.534431138
536,"9/4/2024",NA,404,4,"South","NGKT","Warm",1,35,25.7,34.2,NA,63,NA,2,1,138,414,799,1092,138,276,385,293,273,138,0.938644689,0.938644689,1.856884058
381,"4/4/2024",NA,404,4,"South","NGKT","Warm",1,40,26.2,38.1,NA,63,NA,1,1,111,279,635,982,111,168,356,347,245.5,111,1.043788187,1.043788187,2.308558559
540,NA,NA,404,4,"South","NGKT","Warm",1,NA,NA,10,NA,63,NA,NA,1,NA,NA,NA,NA,NA,NA,NA,NA,NA,NA,0,0,0
463,NA,NA,404,4,"South","NGKT","Warm",1,NA,NA,41.4692,NA,63,NA,NA,1,NA,NA,NA,NA,NA,NA,NA,NA,NA,NA,0,0,0
767,"12/4/2024",NA,405,4,"South","NGKT","Warm",1,20,25.6,19.9,NA,61,NA,1,1,247,848,1421,3604,247,601,573,2183,901,247,0.284406215,0.284406215,1.037449393
246,"2/4/2024",NA,405,4,"South","NGKT","Warm",1,25,25.5,24.8,NA,61,NA,2,1,266,1014,1300,1498,266,748,286,198,374.5,198,0.684245661,0.684245661,1.294191919
92,"26/3/2024",NA,405,4,"South","NGKT","Warm",1,30,25.1,29.4,NA,61,"G",2,1,578,741,871,1023,578,163,130,152,255.75,130,1.001955034,1.001955034,1.971153846
553,"9/4/2024",NA,405,4,"South","NGKT","Warm",1,35,24.9,35.4,NA,61,NA,1,1,158,305,413,557,158,147,108,144,139.25,108,1.84021544,1.84021544,2.372685185
400,"4/4/2024",NA,405,4,"South","NGKT","Warm",1,40,26.2,38.5,NA,61,NA,2,1,237,349,471,637,237,112,122,166,159.25,112,1.609105181,1.609105181,2.287946429
548,NA,NA,405,4,"South","NGKT","Warm",1,NA,NA,5.7626,NA,61,NA,NA,1,NA,NA,NA,NA,NA,NA,NA,NA,NA,NA,0,0,0
471,NA,NA,405,4,"South","NGKT","Warm",1,NA,NA,40.9237,NA,61,NA,NA,1,NA,NA,NA,NA,NA,NA,NA,NA,NA,NA,0,0,0
597,"10/4/2024",NA,406,6,"South","NGKT","Cool",2,20,26.5,19,NA,65,NA,1,1,1343,1826,2248,2752,1343,483,422,504,688,422,0.372456395,0.372456395,0.607227488
443,"5/4/2024",NA,406,6,"South","NGKT","Cool",2,25,25.3,25.2,NA,65,NA,1,1,240,434,710,862,240,194,276,152,215.5,152,1.189095128,1.189095128,1.685855263
682,"11/4/2024",NA,406,6,"South","NGKT","Cool",2,30,26.5,30.5,NA,65,NA,2,1,281,782,943,1061,281,501,161,118,265.25,118,0.966069746,0.966069746,2.171610169
289,"2/4/2024",NA,406,6,"South","NGKT","Cool",2,35,25,34.4,NA,65,NA,1,1,263,367,549,706,263,104,182,157,176.5,104,1.45184136,1.45184136,2.463942308
135,"27/3/2024",NA,406,6,"South","NGKT","Cool",2,40,25.7,39.5,NA,65,NA,1,1,111,310,514,698,111,199,204,184,174.5,111,1.468481375,1.468481375,2.308558559
572,NA,NA,406,6,"South","NGKT","Cool",2,NA,NA,8.3798,NA,65,NA,NA,1,NA,NA,NA,NA,NA,NA,NA,NA,NA,NA,0,0,0
495,NA,NA,406,6,"South","NGKT","Cool",2,NA,NA,42.466,NA,65,NA,NA,1,NA,NA,NA,NA,NA,NA,NA,NA,NA,NA,0,0,0
561,"10/4/2024",NA,407,5,"South","NGKT","Warm",1,20,24.2,22.5,NA,59,NA,1,1,330,1122,1332,2106,330,792,210,774,526.5,210,0.486704653,0.486704653,1.220238095
407,"4/4/2024",NA,407,5,"South","NGKT","Warm",1,25,26,25.6,NA,59,NA,1,1,1065,1260,2503,3634,1065,195,1243,1131,908.5,195,0.282058338,0.282058338,1.314102564
646,"11/4/2024",NA,407,5,"South","NGKT","Warm",1,30,26.2,30.3,NA,59,NA,2,1,342,508,682,839,342,166,174,157,209.75,157,1.221692491,1.221692491,1.632165605
253,"2/4/2024",NA,407,5,"South","NGKT","Warm",1,35,26.3,35.6,NA,59,NA,1,1,578,741,871,1023,578,163,130,152,255.75,130,1.001955034,1.001955034,1.971153846
100,"27/3/2024",NA,407,5,"South","NGKT","Warm",1,40,24.8,39.2,NA,59,"G",2,1,150,345,512,690,150,195,167,178,172.5,150,1.485507246,1.485507246,1.708333333
554,NA,NA,407,5,"South","NGKT","Warm",1,NA,NA,9.7361,NA,59,NA,NA,1,NA,NA,NA,NA,NA,NA,NA,NA,NA,NA,0,0,0
477,NA,NA,407,5,"South","NGKT","Warm",1,NA,NA,41.4471,NA,59,NA,NA,1,NA,NA,NA,NA,NA,NA,NA,NA,NA,NA,0,0,0
672,"11/4/2024",NA,408,6,"South","NGKT","Cool",2,20,26.5,19.5,NA,63,NA,2,1,328,549,976,1142,328,221,427,166,285.5,166,0.897548161,0.897548161,1.543674699
280,"2/4/2024",NA,408,6,"South","NGKT","Cool",2,25,25.1,25.3,NA,63,NA,2,1,267,460,638,809,267,193,178,171,202.25,171,1.266996292,1.266996292,1.498538012
433,"5/4/2024",NA,408,6,"South","NGKT","Cool",2,40,25,39.7,NA,63,NA,1,1,356,554,656,805,356,198,102,149,201.25,102,1.273291925,1.273291925,2.512254902
125,"27/3/2024",NA,408,6,"South","NGKT","Cool",2,30,25.9,30.2,NA,63,NA,1,1,516,699,854,1021,516,183,155,167,255.25,155,1.003917728,1.003917728,1.653225806
588,"10/4/2024",NA,408,6,"South","NGKT","Cool",2,35,26,35.3,NA,63,NA,2,1,136,299,409,592,136,163,110,183,148,110,1.731418919,1.731418919,2.329545455
563,NA,NA,408,6,"South","NGKT","Cool",2,NA,NA,9.9705,NA,63,NA,NA,1,NA,NA,NA,NA,NA,NA,NA,NA,NA,NA,0,0,0
486,NA,NA,408,6,"South","NGKT","Cool",2,NA,NA,43.8192,NA,63,NA,NA,1,NA,NA,NA,NA,NA,NA,NA,NA,NA,NA,0,0,0
579,"10/4/2024",NA,409,6,"South","NGKT","Warm",1,20,25.6,19.7,NA,61,NA,1,1,308,656,876,1198,308,348,220,322,299.5,220,0.855592654,0.855592654,1.164772727
426,"5/4/2024",NA,409,6,"South","NGKT","Warm",1,25,24.6,25.5,NA,61,NA,2,1,253,1032,1339,1611,253,779,307,272,402.75,253,0.636250776,0.636250776,1.01284585
664,"11/4/2024",NA,409,6,"South","NGKT","Warm",1,30,26.2,30.4,NA,61,NA,2,1,376,548,794,1975,376,172,246,1181,493.75,172,0.518987342,0.518987342,1.489825581
272,"2/4/2024",NA,409,6,"South","NGKT","Warm",1,35,25.1,34.5,NA,61,NA,2,1,482,746,985,1148,482,264,239,163,287,163,0.892857143,0.892857143,1.57208589
117,"27/3/2024",NA,409,6,"South","NGKT","Warm",1,40,26,39.1,NA,61,NA,1,1,116,326,NA,534,116,210,NA,534,286.67,116,1.919475655,0.893895349,2.209051724
564,NA,NA,409,6,"South","NGKT","Warm",1,NA,NA,6.497,NA,61,NA,NA,1,NA,NA,NA,NA,NA,NA,NA,NA,NA,NA,0,0,0
487,NA,NA,409,6,"South","NGKT","Warm",1,NA,NA,41.63,NA,61,NA,NA,1,NA,NA,NA,NA,NA,NA,NA,NA,NA,NA,0,0,0
586,"10/4/2024",NA,410,6,"South","NGKT","Warm",1,20,25.8,19.8,NA,60,NA,2,1,325,756,1891,2452,325,431,1135,561,613,325,0.418026101,0.418026101,0.788461538
432,"5/4/2024",NA,410,6,"South","NGKT","Warm",1,25,25,25.7,NA,60,NA,2,1,159,447,2119,2334,159,288,1672,215,583.5,159,0.43916024,0.43916024,1.61163522
670,"11/4/2024",NA,410,6,"South","NGKT","Warm",1,30,26.5,29.5,NA,60,NA,2,1,168,305,509,784,168,137,204,275,196,137,1.307397959,1.307397959,1.870437956
277,"2/4/2024",NA,410,6,"South","NGKT","Warm",1,35,25.1,35.7,NA,60,NA,1,1,123,345,491,699,123,222,146,208,174.75,123,1.466380544,1.466380544,2.083333333
124,"27/3/2024",NA,410,6,"South","NGKT","Warm",1,40,26,40.2,NA,60,NA,2,1,198,343,538,738,198,145,195,200,184.5,145,1.388888889,1.388888889,1.767241379
565,NA,NA,410,6,"South","NGKT","Warm",1,NA,NA,10.63,NA,60,NA,NA,1,NA,NA,NA,NA,NA,NA,NA,NA,NA,NA,0,0,0
488,NA,NA,410,6,"South","NGKT","Warm",1,NA,NA,44.45,NA,60,NA,NA,1,NA,NA,NA,NA,NA,NA,NA,NA,NA,NA,0,0,0
150,"27/3/2024",NA,411,7,"South","NGKT","Warm",1,20,25.8,20.8,NA,61,NA,2,1,372,603,813,1072,372,231,210,259,268,210,0.956156716,0.956156716,1.220238095
611,"10/4/2024",NA,411,7,"South","NGKT","Warm",1,25,25.4,25.4,NA,61,NA,1,1,252,476,665,994,252,224,189,329,248.5,189,1.031187123,1.031187123,1.355820106
696,"11/4/2024",NA,411,7,"South","NGKT","Warm",1,35,24.3,34.7,NA,61,NA,2,1,230,422,648,825,230,192,226,177,206.25,177,1.242424242,1.242424242,1.447740113
457,"5/4/2024",NA,411,7,"South","NGKT","Warm",1,40,26.3,38.6,NA,61,NA,1,1,272,503,697,912,272,231,194,215,228,194,1.123903509,1.123903509,1.320876289
577,NA,NA,411,7,"South","NGKT","Warm",1,NA,NA,9.386,NA,61,NA,NA,1,NA,NA,NA,NA,NA,NA,NA,NA,NA,NA,0,0,0
500,NA,NA,411,7,"South","NGKT","Warm",1,NA,NA,41.4629,NA,61,NA,NA,1,NA,NA,NA,NA,NA,NA,NA,NA,NA,NA,0,0,0
146,"27/3/2024",NA,412,7,"South","NGKT","Cool",2,20,26.2,20.9,NA,59,NA,2,1,214,449,677,966,214,235,228,289,241.5,214,1.061076605,1.061076605,1.197429907
607,"10/4/2024",NA,412,7,"South","NGKT","Cool",2,25,25.3,25.4,NA,59,NA,1,1,531,723,902,1114,531,192,179,212,278.5,179,0.92010772,0.92010772,1.431564246
453,"5/4/2024",NA,412,7,"South","NGKT","Cool",2,30,26.3,30.3,NA,59,NA,1,1,234,388,543,681,234,154,155,138,170.25,138,1.505139501,1.505139501,1.856884058
691,"11/4/2024",NA,412,7,"South","NGKT","Cool",2,35,24.5,34.7,NA,59,NA,1,1,191,594,723,871,191,403,129,148,217.75,129,1.176808266,1.176808266,1.986434109
299,"3/4/2024",NA,412,7,"South","NGKT","Cool",2,40,25,38.5,NA,59,NA,1,1,181,560,654,813,181,379,94,159,203.25,94,1.260762608,1.260762608,2.72606383
498,NA,NA,412,7,"South","NGKT","Cool",2,NA,NA,10.433,NA,59,NA,NA,1,NA,NA,NA,NA,NA,NA,NA,NA,NA,NA,0,0,0
575,NA,NA,412,7,"South","NGKT","Cool",2,NA,NA,43.6681,NA,59,NA,NA,1,NA,NA,NA,NA,NA,NA,NA,NA,NA,NA,0,0,0
